route_count,total_fleet,sample_size,route_index,route_id,allocation_mean,allocation_std,allocation_cv,demand_mean,demand_std,demand_cv
4,40,50,0,R000,9.71428571,1.38013112,0.14207232,5863.00000000,1930.28296717,0.32923128
4,40,50,1,R001,8.85714286,1.06904497,0.12069863,4594.71428571,1368.92557800,0.29793486
4,40,50,2,R002,11.57142857,0.53452248,0.04619330,7946.85714286,1136.25810281,0.14298207
4,40,50,3,R003,9.85714286,1.34518542,0.13646809,5847.42857143,984.44736733,0.16835560
4,40,100,0,R000,10.57142857,0.53452248,0.05056294,14073.85714286,1297.82965351,0.09221563
4,40,100,1,R001,7.85714286,1.06904497,0.13606027,8122.00000000,1990.96299982,0.24513211
4,40,100,2,R002,10.14285714,0.69006556,0.06803463,12598.42857143,2485.19837284,0.19726257
4,40,100,3,R003,11.42857143,0.78679579,0.06884463,16273.57142857,2740.03362857,0.16837322
4,40,150,0,R000,11.00000000,0.57735027,0.05248639,22196.42857143,1960.78528972,0.08833787
4,40,150,1,R001,7.85714286,0.69006556,0.08782653,11628.42857143,1669.87004057,0.14360238
4,40,150,2,R002,10.14285714,0.69006556,0.06803463,18205.00000000,1616.45785593,0.08879197
4,40,150,3,R003,11.00000000,0.00000000,0.00000000,22166.14285714,1989.77841552,0.08976656
4,40,200,0,R000,11.00000000,0.00000000,0.00000000,30073.85714286,2278.01385923,0.07574731
4,40,200,1,R001,8.00000000,0.81649658,0.10206207,15418.71428571,2963.80620792,0.19222136
4,40,200,2,R002,10.28571429,0.95118973,0.09247678,26073.85714286,3321.30212560,0.12738054
4,40,200,3,R003,10.71428571,0.75592895,0.07055337,27981.85714286,3785.26280147,0.13527561
4,40,250,0,R000,10.71428571,0.75592895,0.07055337,35783.42857143,3669.60932785,0.10255052
4,40,250,1,R001,7.85714286,0.69006556,0.08782653,19476.14285714,3353.55728685,0.17218796
4,40,250,2,R002,10.28571429,0.48795004,0.04743959,32540.14285714,1760.75205794,0.05411015
4,40,250,3,R003,11.14285714,0.37796447,0.03391989,39190.00000000,5699.03594186,0.14542067
4,40,300,0,R000,10.28571429,0.48795004,0.04743959,39662.85714286,2763.39359174,0.06967208
4,40,300,1,R001,8.00000000,0.57735027,0.07216878,24386.57142857,3291.23669042,0.13496103
4,40,300,2,R002,10.42857143,0.53452248,0.05125558,38728.57142857,3169.69298498,0.08184379
4,40,300,3,R003,11.28571429,0.48795004,0.04323608,46073.57142857,3694.48317798,0.08018660
4,40,350,0,R000,10.42857143,0.53452248,0.05125558,45946.14285714,5908.88944525,0.12860469
4,40,350,1,R001,8.00000000,0.00000000,0.00000000,27278.71428571,2579.50846185,0.09456122
4,40,350,2,R002,10.00000000,0.57735027,0.05773503,42692.57142857,5728.33486152,0.13417638
4,40,350,3,R003,11.57142857,0.53452248,0.04619330,55692.42857143,4594.23112382,0.08249292
4,40,400,0,R000,10.71428571,0.48795004,0.04554200,57039.28571429,5917.84512342,0.10375034
4,40,400,1,R001,8.00000000,0.00000000,0.00000000,30849.85714286,2597.82309050,0.08420859
4,40,400,2,R002,10.00000000,0.00000000,0.00000000,50801.28571429,3562.02904322,0.07011691
4,40,400,3,R003,11.28571429,0.48795004,0.04323608,63290.71428571,6164.23530576,0.09739557
4,40,450,0,R000,10.57142857,0.53452248,0.05056294,58169.42857143,5402.57842322,0.09287659
4,40,450,1,R001,8.14285714,0.37796447,0.04641669,36362.71428571,2650.66637623,0.07289517
4,40,450,2,R002,10.28571429,0.48795004,0.04743959,59167.42857143,6017.42056746,0.10170157
4,40,450,3,R003,11.00000000,0.00000000,0.00000000,67015.85714286,2824.16527069,0.04214175
4,40,500,0,R000,10.57142857,0.53452248,0.05056294,69059.71428571,5163.75866704,0.07477237
4,40,500,1,R001,8.00000000,0.57735027,0.07216878,40337.85714286,4334.12941772,0.10744570
4,40,500,2,R002,10.00000000,0.00000000,0.00000000,62195.14285714,3073.16668539,0.04941168
4,40,500,3,R003,11.42857143,0.53452248,0.04677072,77948.28571429,4672.80532137,0.05994751
8,80,50,0,R000,12.85714286,2.34012617,0.18200981,5914.85714286,1948.63263415,0.32944712
8,80,50,1,R001,9.85714286,2.03540098,0.20648995,3435.71428571,1324.84259622,0.38560907
8,80,50,2,R002,7.14285714,1.06904497,0.14966630,1707.14285714,616.42340118,0.36108484
8,80,50,3,R003,4.28571429,1.97604704,0.46107764,796.28571429,696.76818581,0.87502284
8,80,50,4,R004,9.42857143,1.98805959,0.21085481,3155.42857143,1209.15340316,0.38319784
8,80,50,5,R005,14.14285714,1.86445447,0.13183011,6934.28571429,1357.80309253,0.19581009
8,80,50,6,R006,15.14285714,1.67616342,0.11069004,8023.14285714,1784.58197053,0.22242929
8,80,50,7,R007,7.14285714,2.54483604,0.35627705,2072.85714286,1471.14053584,0.70971632
8,80,100,0,R000,12.28571429,1.25356634,0.10203447,10419.28571429,2102.28658959,0.20176878
8,80,100,1,R001,9.85714286,1.57359158,0.15963973,6975.28571429,2228.46544467,0.31948017
8,80,100,2,R002,6.00000000,0.81649658,0.13608276,2654.85714286,674.94084397,0.25422869
8,80,100,3,R003,4.28571429,1.60356745,0.37416574,1457.00000000,801.67907128,0.55022586
8,80,100,4,R004,10.71428571,1.11269728,0.10385175,8127.14285714,1597.32666546,0.19654222
8,80,100,5,R005,13.42857143,1.13389342,0.08443887,11993.85714286,2284.70891133,0.19048992
8,80,100,6,R006,15.85714286,1.67616342,0.10570400,17165.14285714,3043.78544078,0.17732363
8,80,100,7,R007,7.57142857,1.71824939,0.22693860,4041.14285714,1866.56104718,0.46188940
8,80,150,0,R000,13.28571429,1.38013112,0.10388084,17852.71428571,3294.10547869,0.18451567
8,80,150,1,R001,10.14285714,1.06904497,0.10539880,10358.57142857,2196.53415310,0.21204991
8,80,150,2,R002,6.71428571,1.11269728,0.16572087,4836.42857143,1588.99442595,0.32854707
8,80,150,3,R003,4.14285714,1.57359158,0.37983245,1876.57142857,1086.16034070,0.57880043
8,80,150,4,R004,9.85714286,1.57359158,0.15963973,10102.14285714,3174.85298497,0.31427520
8,80,150,5,R005,12.71428571,0.75592895,0.05945509,16728.85714286,2204.30339931,0.13176653
8,80,150,6,R006,16.57142857,1.51185789,0.09123280,27952.71428571,4611.06071363,0.16495932
8,80,150,7,R007,6.57142857,1.81265393,0.27583864,4600.00000000,2032.53224657,0.44185484
8,80,200,0,R000,12.14285714,1.06904497,0.08803900,20573.85714286,3291.77973284,0.15999818
8,80,200,1,R001,10.57142857,1.13389342,0.10726019,16215.57142857,2964.59743513,0.18282411
8,80,200,2,R002,6.85714286,0.89973541,0.13121141,6438.85714286,1717.40738989,0.26672550
8,80,200,3,R003,4.57142857,0.78679579,0.17211158,2991.42857143,1039.21394287,0.34739721
8,80,200,4,R004,10.85714286,0.69006556,0.06355867,16427.42857143,2702.94129034,0.16453831
8,80,200,5,R005,12.85714286,1.06904497,0.08314794,24084.71428571,4406.79224661,0.18297050
8,80,200,6,R006,15.28571429,0.75592895,0.04945330,32256.14285714,2858.13222394,0.08860738
8,80,200,7,R007,6.85714286,0.69006556,0.10063456,6671.28571429,1306.26180560,0.19580361
8,80,250,0,R000,11.71428571,0.48795004,0.04165427,25113.42857143,1808.82059707,0.07202603
8,80,250,1,R001,9.71428571,1.11269728,0.11454237,16905.57142857,3388.81763339,0.20045567
8,80,250,2,R002,7.00000000,0.81649658,0.11664237,8193.57142857,1751.39114774,0.21375186
8,80,250,3,R003,4.57142857,0.53452248,0.11692679,3477.71428571,1087.98846720,0.31284585
8,80,250,4,R004,11.14285714,0.89973541,0.08074549,22176.85714286,2794.98577388,0.12603164
8,80,250,5,R005,13.14285714,0.37796447,0.02875817,31059.14285714,2607.80012198,0.08396240
8,80,250,6,R006,15.57142857,0.97590007,0.06267248,42429.85714286,3698.52733885,0.08716804
8,80,250,7,R007,7.14285714,1.21498579,0.17009801,9194.71428571,3413.86543937,0.37128565
8,80,300,0,R000,12.71428571,0.48795004,0.03837809,34878.28571429,4503.10736101,0.12910919
8,80,300,1,R001,10.14285714,0.69006556,0.06803463,20987.14285714,2482.69480126,0.11829599
8,80,300,2,R002,6.57142857,0.53452248,0.08134038,8955.14285714,1052.13567385,0.11748955
8,80,300,3,R003,4.14285714,0.89973541,0.21717751,3650.14285714,1306.96192607,0.35805775
8,80,300,4,R004,10.57142857,0.53452248,0.05056294,24610.14285714,3044.78627759,0.12372079
8,80,300,5,R005,13.28571429,0.75592895,0.05689788,37639.28571429,5265.15747515,0.13988463
8,80,300,6,R006,15.71428571,0.95118973,0.06053026,51700.00000000,5199.79041244,0.10057622
8,80,300,7,R007,6.85714286,0.89973541,0.13121141,9681.71428571,2430.12645174,0.25100167
8,80,350,0,R000,12.57142857,1.13389342,0.09019607,38110.71428571,5421.78865672,0.14226416
8,80,350,1,R001,10.57142857,0.53452248,0.05056294,27316.85714286,3309.21876121,0.12114200
8,80,350,2,R002,6.85714286,0.69006556,0.10063456,11256.85714286,1551.98318597,0.13787003
8,80,350,3,R003,4.28571429,0.75592895,0.17638342,4757.57142857,1037.90427580,0.21815842
8,80,350,4,R004,10.42857143,0.53452248,0.05125558,27530.85714286,4392.50541372,0.15954844
8,80,350,5,R005,13.28571429,0.75592895,0.05689788,42809.00000000,4226.14584068,0.09872097
8,80,350,6,R006,15.42857143,0.78679579,0.05099602,58115.85714286,5340.32943517,0.09189109
8,80,350,7,R007,6.57142857,0.78679579,0.11972979,9702.57142857,2358.21054030,0.24305006
8,80,400,0,R000,12.71428571,0.48795004,0.03837809,44769.28571429,4781.93896219,0.10681294
8,80,400,1,R001,10.42857143,0.53452248,0.05125558,30599.71428571,2569.66844257,0.08397688
8,80,400,2,R002,6.57142857,0.53452248,0.08134038,12348.85714286,1816.28379102,0.14708112
8,80,400,3,R003,4.14285714,0.69006556,0.16656755,4659.57142857,1278.24356797,0.27432642
8,80,400,4,R004,11.00000000,0.00000000,0.00000000,34125.71428571,1689.48855321,0.04950779
8,80,400,5,R005,12.85714286,0.37796447,0.02939724,46519.28571429,4745.65336964,0.10201475
8,80,400,6,R006,15.42857143,0.78679579,0.05099602,67729.14285714,7605.37306621,0.11229100
8,80,400,7,R007,6.85714286,0.89973541,0.13121141,13287.14285714,4057.09068293,0.30533958
8,80,450,0,R000,12.14285714,0.69006556,0.05682893,45782.85714286,4194.09256886,0.09160836
8,80,450,1,R001,10.57142857,0.53452248,0.05056294,35763.00000000,3984.22522790,0.11140635
8,80,450,2,R002,6.42857143,0.53452248,0.08314794,13350.14285714,1235.53408540,0.09254838
8,80,450,3,R003,4.42857143,0.53452248,0.12069863,6077.00000000,1518.08761275,0.24980872
8,80,450,4,R004,11.14285714,0.89973541,0.08074549,38061.42857143,6115.20686096,0.16066677
8,80,450,5,R005,13.00000000,0.57735027,0.04441156,52195.71428571,5030.11201712,0.09637021
8,80,450,6,R006,15.57142857,0.78679579,0.05052817,77243.14285714,7180.13392235,0.09295497
8,80,450,7,R007,6.71428571,1.11269728,0.16572087,13807.57142857,3891.77529572,0.28185806
8,80,500,0,R000,12.42857143,0.53452248,0.04300756,54821.85714286,4841.56752952,0.08831455
8,80,500,1,R001,10.14285714,0.69006556,0.06803463,36425.71428571,5013.17287136,0.13762730
8,80,500,2,R002,6.71428571,0.48795004,0.07267341,15841.57142857,883.46889346,0.05576902
8,80,500,3,R003,4.14285714,0.37796447,0.09123280,6466.00000000,932.23459136,0.14417485
8,80,500,4,R004,10.71428571,0.48795004,0.04554200,40334.85714286,3011.03284763,0.07465089
8,80,500,5,R005,13.57142857,0.53452248,0.03938587,62962.28571429,5767.23211238,0.09159820
8,80,500,6,R006,15.85714286,0.69006556,0.04351765,84885.71428571,5988.72509288,0.07055045
8,80,500,7,R007,6.42857143,0.78679579,0.12239046,13921.71428571,4117.52910187,0.29576308
16,160,50,0,R000,20.57142857,3.64495738,0.17718543,6327.00000000,2062.94813313,0.32605471
16,160,50,1,R001,6.00000000,2.70801280,0.45133547,627.14285714,544.85638125,0.86879150
16,160,50,2,R002,14.28571429,2.62769136,0.18393840,2992.14285714,1162.55600992,0.38853626
16,160,50,3,R003,4.71428571,1.60356745,0.34015067,361.42857143,197.16647547,0.54551989
16,160,50,4,R004,12.57142857,1.81265393,0.14418838,2279.71428571,521.49743185,0.22875561
16,160,50,5,R005,1.42857143,0.78679579,0.55075705,25.00000000,45.35416188,1.81416648
16,160,50,6,R006,4.28571429,2.69037084,0.62775320,380.71428571,373.74934305,0.98170559
16,160,50,7,R007,5.71428571,2.21466971,0.38756720,575.71428571,418.64810772,0.72718034
16,160,50,8,R008,2.85714286,3.18478526,1.11467484,248.14285714,425.62598157,1.71524575
16,160,50,9,R009,13.14285714,2.54483604,0.19362883,2523.85714286,810.41191760,0.32110055
16,160,50,10,R010,16.28571429,2.21466971,0.13598849,3782.14285714,886.24440357,0.23432336
16,160,50,11,R011,11.14285714,5.17779140,0.46467359,2146.14285714,1656.36121549,0.77178516
16,160,50,12,R012,12.00000000,3.91578004,0.32631500,2281.57142857,1175.05685779,0.51502085
16,160,50,13,R013,7.42857143,2.14919697,0.28931498,869.28571429,444.38336088,0.51120518
16,160,50,14,R014,13.42857143,5.12695956,0.38179486,2918.42857143,2011.74806716,0.68932579
16,160,50,15,R015,14.14285714,2.19306266,0.15506504,2955.28571429,856.39140473,0.28978295
16,160,100,0,R000,22.00000000,0.81649658,0.03711348,15120.57142857,1826.81305896,0.12081640
16,160,100,1,R001,6.57142857,1.90237946,0.28949253,1541.85714286,945.90898586,0.61348679
16,160,100,2,R002,14.42857143,1.13389342,0.07858667,6630.57142857,922.58474898,0.13914106
16,160,100,3,R003,6.28571429,1.60356745,0.25511300,1281.42857143,579.35879992,0.45211946
16,160,100,4,R004,11.57142857,0.97590007,0.08433704,4351.28571429,1107.78347979,0.25458762
16,160,100,5,R005,2.42857143,0.78679579,0.32397474,189.28571429,130.67990701,0.69038441
16,160,100,6,R006,5.14285714,2.03540098,0.39577241,961.42857143,518.38526765,0.53918230
16,160,100,7,R007,5.85714286,1.67616342,0.28617424,1179.14285714,655.19575410,0.55565426
16,160,100,8,R008,5.14285714,2.96808420,0.57712748,1028.28571429,816.04977673,0.79360217
16,160,100,9,R009,12.28571429,2.49761791,0.20329448,4841.85714286,1751.07380661,0.36165334
16,160,100,10,R010,15.71428571,1.60356745,0.10204520,7947.85714286,1303.94726741,0.16406275
16,160,100,11,R011,8.28571429,2.42997159,0.29327243,2508.85714286,1586.43903429,0.63233534
16,160,100,12,R012,10.42857143,2.37045304,0.22730372,3454.85714286,1377.59602552,0.39874182
16,160,100,13,R013,7.42857143,2.29906813,0.30948994,1865.71428571,1041.41741780,0.55818698
16,160,100,14,R014,13.71428571,2.28868854,0.16688354,6402.57142857,2453.21828470,0.38316141
16,160,100,15,R015,12.71428571,2.56347978,0.20162200,5327.14285714,1738.32078250,0.32631390
16,160,150,0,R000,21.71428571,3.40168026,0.15665633,22951.28571429,6918.56400597,0.30144560
16,160,150,1,R001,6.42857143,1.71824939,0.26728324,1946.57142857,906.50277755,0.46569202
16,160,150,2,R002,13.42857143,1.61834719,0.12051522,8583.28571429,2197.51721376,0.25602284
16,160,150,3,R003,5.71428571,0.95118973,0.16645820,1610.00000000,536.71873453,0.33336567
16,160,150,4,R004,10.14285714,2.26778684,0.22358462,5357.00000000,2273.46167771,0.42439083
16,160,150,5,R005,2.28571429,0.75592895,0.33071891,267.00000000,235.06382112,0.88038884
16,160,150,6,R006,5.00000000,1.15470054,0.23094011,1263.14285714,607.22467796,0.48072526
16,160,150,7,R007,6.57142857,1.71824939,0.26147273,2203.00000000,1077.28764342,0.48900937
16,160,150,8,R008,5.57142857,1.71824939,0.30840374,1585.00000000,954.38322142,0.60213452
16,160,150,9,R009,13.00000000,1.15470054,0.08882312,8383.00000000,1698.15704024,0.20257152
16,160,150,10,R010,14.85714286,1.34518542,0.09054133,10485.00000000,1927.47900983,0.18383205
16,160,150,11,R011,10.14285714,0.89973541,0.08870631,4950.71428571,1235.21964501,0.24950332
16,160,150,12,R012,11.28571429,1.60356745,0.14208826,6311.71428571,1486.41904301,0.23550164
16,160,150,13,R013,8.42857143,1.90237946,0.22570604,3447.57142857,1334.48265346,0.38707904
16,160,150,14,R014,13.00000000,2.44948974,0.18842229,8335.85714286,2936.46388414,0.35226898
16,160,150,15,R015,12.42857143,1.13389342,0.09123280,7420.14285714,1292.60466096,0.17420213
16,160,200,0,R000,22.14285714,2.11570094,0.09554778,31143.71428571,5165.59256731,0.16586309
16,160,200,1,R001,6.14285714,2.19306266,0.35701020,2669.71428571,1986.91844442,0.74424385
16,160,200,2,R002,13.14285714,1.46385011,0.11137990,11137.14285714,2635.51623207,0.23664204
16,160,200,3,R003,4.85714286,1.21498579,0.25014413,1659.42857143,659.73576962,0.39756804
16,160,200,4,R004,13.00000000,2.08166600,0.16012815,10927.85714286,3250.62268028,0.29746204
16,160,200,5,R005,2.00000000,1.00000000,0.50000000,296.00000000,258.16532171,0.87218014
16,160,200,6,R006,5.14285714,1.21498579,0.23624724,1810.85714286,695.20894427,0.38391153
16,160,200,7,R007,6.42857143,1.13389342,0.17638342,2576.71428571,747.83213675,0.29022703
16,160,200,8,R008,3.57142857,2.14919697,0.60177515,1116.85714286,1040.93858746,0.93202483
16,160,200,9,R009,12.57142857,0.78679579,0.06258603,9921.85714286,1300.18145254,0.13104215
16,160,200,10,R010,15.85714286,1.46385011,0.09231487,15774.57142857,2477.81636777,0.15707662
16,160,200,11,R011,10.85714286,2.67261242,0.24616167,7879.42857143,3813.14641983,0.48393692
16,160,200,12,R012,11.14285714,2.47847880,0.22242758,7837.14285714,3109.22645410,0.39672959
16,160,200,13,R013,6.71428571,2.62769136,0.39135829,3106.71428571,1543.45971919,0.49681418
16,160,200,14,R014,14.28571429,1.49602648,0.10472185,13023.28571429,3234.38946914,0.24835434
16,160,200,15,R015,12.14285714,1.77281052,0.14599616,9544.85714286,3356.15491441,0.35161919
16,160,250,0,R000,21.57142857,0.97590007,0.04524040,38612.28571429,2896.35286261,0.07501117
16,160,250,1,R001,5.85714286,1.06904497,0.18251987,2888.28571429,862.26614497,0.29853907
16,160,250,2,R002,12.71428571,0.95118973,0.07481268,13569.85714286,2026.88417927,0.14936666
16,160,250,3,R003,5.28571429,0.95118973,0.17995481,2407.57142857,959.27626489,0.39844146
16,160,250,4,R004,12.00000000,1.15470054,0.09622504,11837.28571429,2207.06378961,0.18645016
16,160,250,5,R005,2.14285714,0.69006556,0.32203059,497.42857143,220.31406154,0.44290592
16,160,250,6,R006,5.71428571,0.75592895,0.13228757,2679.57142857,846.52325370,0.31591741
16,160,250,7,R007,7.57142857,0.53452248,0.07059731,4524.85714286,745.95317739,0.16485674
16,160,250,8,R008,4.14285714,1.86445447,0.45004073,1551.28571429,1315.58652500,0.84806204
16,160,250,9,R009,12.00000000,0.57735027,0.04811252,12165.85714286,1592.81892971,0.13092534
16,160,250,10,R010,14.71428571,0.95118973,0.06464396,18243.42857143,1568.99892258,0.08600351
16,160,250,11,R011,11.28571429,1.88982237,0.16745261,10839.71428571,3152.57914066,0.29083600
16,160,250,12,R012,11.85714286,0.69006556,0.05819830,11329.14285714,1551.69825552,0.13696519
16,160,250,13,R013,7.14285714,0.69006556,0.09660918,4263.28571429,1031.90224251,0.24204389
16,160,250,14,R014,13.42857143,1.13389342,0.08443887,15487.28571429,2598.21327802,0.16776428
16,160,250,15,R015,12.57142857,0.97590007,0.07762841,13055.42857143,1672.13933402,0.12808000
16,160,300,0,R000,22.28571429,1.11269728,0.04992872,46974.00000000,3590.93854955,0.07644524
16,160,300,1,R001,5.57142857,0.97590007,0.17516155,3072.28571429,1055.48878318,0.34355164
16,160,300,2,R002,13.42857143,0.53452248,0.03980487,17010.71428571,2031.80533141,0.11944268
16,160,300,3,R003,5.28571429,0.75592895,0.14301358,2541.85714286,786.37892235,0.30937180
16,160,300,4,R004,11.71428571,1.38013112,0.11781607,13711.57142857,2844.56674247,0.20745738
16,160,300,5,R005,2.14285714,0.69006556,0.32203059,500.57142857,292.91970296,0.58517064
16,160,300,6,R006,5.00000000,1.15470054,0.23094011,2362.14285714,1040.02923494,0.44029057
16,160,300,7,R007,6.85714286,1.46385011,0.21347814,4517.00000000,1466.93944433,0.32475967
16,160,300,8,R008,4.71428571,2.62769136,0.55738908,2549.71428571,1921.27351118,0.75352502
16,160,300,9,R009,12.71428571,1.25356634,0.09859511,15163.57142857,2659.85261855,0.17541070
16,160,300,10,R010,15.85714286,1.95180015,0.12308650,24693.28571429,5360.34273513,0.21707693
16,160,300,11,R011,10.85714286,1.57359158,0.14493607,11783.14285714,3271.04587905,0.27760385
16,160,300,12,R012,11.00000000,1.00000000,0.09090909,11450.57142857,2050.77642672,0.17909817
16,160,300,13,R013,6.71428571,1.25356634,0.18670137,4317.42857143,1618.50330626,0.37487668
16,160,300,14,R014,13.42857143,2.29906813,0.17120720,17452.28571429,5436.87832352,0.31152815
16,160,300,15,R015,12.42857143,1.39727626,0.11242453,14605.14285714,2621.82381995,0.17951374
16,160,350,0,R000,21.85714286,1.46385011,0.06697353,54723.71428571,5921.50954049,0.10820738
16,160,350,1,R001,6.28571429,1.25356634,0.19943101,4612.00000000,1581.12765666,0.34282907
16,160,350,2,R002,13.14285714,0.69006556,0.05250499,18898.14285714,2535.53238516,0.13416834
16,160,350,3,R003,5.14285714,0.69006556,0.13417941,3057.71428571,844.48124398,0.27618056
16,160,350,4,R004,12.28571429,1.11269728,0.09056838,17182.00000000,3644.03526328,0.21208446
16,160,350,5,R005,2.14285714,0.69006556,0.32203059,652.14285714,461.92258679,0.70831503
16,160,350,6,R006,4.85714286,1.06904497,0.22009749,2711.85714286,1069.77371884,0.39448012
16,160,350,7,R007,6.57142857,1.13389342,0.17254900,5001.71428571,1245.49785418,0.24901419
16,160,350,8,R008,5.00000000,1.15470054,0.23094011,2978.28571429,1288.55548507,0.43265006
16,160,350,9,R009,13.00000000,0.81649658,0.06280743,19470.00000000,2839.81173085,0.14585576
16,160,350,10,R010,15.14285714,0.37796447,0.02495992,26131.14285714,1082.50533926,0.04142587
16,160,350,11,R011,10.57142857,0.97590007,0.09231487,12568.00000000,2634.77380433,0.20964145
16,160,350,12,R012,11.28571429,0.75592895,0.06698105,14411.28571429,1985.18896786,0.13775238
16,160,350,13,R013,7.28571429,0.95118973,0.13055545,6026.57142857,1794.73413603,0.29780351
16,160,350,14,R014,13.71428571,1.11269728,0.08113418,21057.14285714,3684.42846896,0.17497286
16,160,350,15,R015,11.71428571,0.75592895,0.06453052,16250.28571429,2103.04396168,0.12941581
16,160,400,0,R000,21.42857143,0.53452248,0.02494438,60189.71428571,4119.07023143,0.06843479
16,160,400,1,R001,6.00000000,1.41421356,0.23570226,4964.57142857,2007.91341589,0.40444849
16,160,400,2,R002,13.00000000,1.00000000,0.07692308,22079.71428571,2966.03426111,0.13433300
16,160,400,3,R003,5.14285714,0.69006556,0.13417941,3418.57142857,961.92010360,0.28138072
16,160,400,4,R004,11.57142857,1.27241802,0.10996205,17606.57142857,3689.71990162,0.20956493
16,160,400,5,R005,2.28571429,0.48795004,0.21347814,652.85714286,204.25590858,0.31286463
16,160,400,6,R006,5.57142857,0.78679579,0.14121976,4136.71428571,939.14708012,0.22702730
16,160,400,7,R007,7.42857143,0.78679579,0.10591482,7189.42857143,1234.82142530,0.17175516
16,160,400,8,R008,5.42857143,1.13389342,0.20887510,4135.71428571,1561.33529543,0.37752494
16,160,400,9,R009,12.14285714,1.21498579,0.10005765,19602.00000000,3645.89760324,0.18599620
16,160,400,10,R010,15.14285714,0.89973541,0.05941649,29864.85714286,2372.99939799,0.07945792
16,160,400,11,R011,11.00000000,1.52752523,0.13886593,15818.71428571,3820.90973959,0.24154363
16,160,400,12,R012,11.85714286,0.89973541,0.07588130,17718.28571429,2053.96451724,0.11592343
16,160,400,13,R013,6.28571429,0.75592895,0.12026142,5247.57142857,1332.96247223,0.25401512
16,160,400,14,R014,13.42857143,0.97590007,0.07267341,23443.71428571,3524.41558816,0.15033520
16,160,400,15,R015,12.28571429,1.11269728,0.09056838,19988.14285714,2805.07055340,0.14033673
16,160,450,0,R000,22.00000000,1.41421356,0.06428243,73184.57142857,9249.27809538,0.12638290
16,160,450,1,R001,6.42857143,0.78679579,0.12239046,6616.71428571,1628.01512219,0.24604585
16,160,450,2,R002,13.57142857,0.78679579,0.05797443,27413.57142857,2831.17748514,0.10327649
16,160,450,3,R003,5.42857143,0.78679579,0.14493607,4343.85714286,1048.79350185,0.24144291
16,160,450,4,R004,11.71428571,1.38013112,0.11781607,20279.28571429,4458.34774007,0.21984738
16,160,450,5,R005,1.85714286,0.37796447,0.20351933,713.42857143,285.75855609,0.40054263
16,160,450,6,R006,5.28571429,0.95118973,0.17995481,4268.42857143,1147.05403202,0.26872982
16,160,450,7,R007,5.85714286,1.34518542,0.22966580,5306.71428571,2375.83506121,0.44770359
16,160,450,8,R008,5.85714286,1.77281052,0.30267497,5573.28571429,3402.66487302,0.61053121
16,160,450,9,R009,12.28571429,1.11269728,0.09056838,22929.42857143,3585.25479602,0.15636041
16,160,450,10,R010,15.28571429,1.11269728,0.07279328,33602.14285714,4499.26425202,0.13389813
16,160,450,11,R011,10.28571429,1.11269728,0.10817890,16256.42857143,3212.11746657,0.19759060
16,160,450,12,R012,11.42857143,1.39727626,0.12226167,19992.42857143,4809.12618040,0.24054737
16,160,450,13,R013,7.00000000,0.57735027,0.08247861,7314.85714286,920.03648996,0.12577641
16,160,450,14,R014,13.71428571,0.75592895,0.05511982,28272.85714286,2757.71641209,0.09753936
16,160,450,15,R015,12.00000000,1.00000000,0.08333333,21684.71428571,3928.10007995,0.18114604
16,160,500,0,R000,21.28571429,1.38013112,0.06483837,75434.14285714,8257.84573257,0.10947093
16,160,500,1,R001,5.57142857,0.78679579,0.14121976,5564.00000000,1253.81138932,0.22534353
16,160,500,2,R002,13.00000000,0.57735027,0.04441156,28716.42857143,3343.18549975,0.11642066
16,160,500,3,R003,5.00000000,0.57735027,0.11547005,4478.85714286,867.09504065,0.19359739
16,160,500,4,R004,12.57142857,1.51185789,0.12026142,26885.71428571,5388.27785457,0.20041416
16,160,500,5,R005,2.42857143,0.53452248,0.22009749,921.42857143,457.06449477,0.49603899
16,160,500,6,R006,5.57142857,0.53452248,0.09593993,5437.28571429,1184.37799629,0.21782523
16,160,500,7,R007,7.00000000,0.57735027,0.08247861,8474.28571429,1601.21877688,0.18895029
16,160,500,8,R008,5.28571429,1.25356634,0.23716120,4823.42857143,2091.39904188,0.43359179
16,160,500,9,R009,12.71428571,0.75592895,0.05945509,27086.14285714,3842.29373459,0.14185459
16,160,500,10,R010,15.00000000,1.00000000,0.06666667,38055.57142857,5375.29921205,0.14124868
16,160,500,11,R011,10.28571429,1.25356634,0.12187451,18354.71428571,4410.30239758,0.24028172
16,160,500,12,R012,11.14285714,0.69006556,0.06192896,21778.28571429,2468.70105618,0.11335608
16,160,500,13,R013,6.85714286,0.69006556,0.10063456,7579.28571429,1510.18439429,0.19925155
16,160,500,14,R014,13.57142857,0.97590007,0.07190843,31068.14285714,3420.73512706,0.11010427
16,160,500,15,R015,12.71428571,0.75592895,0.05945509,27267.14285714,2945.23368787,0.10801402
32,320,50,0,R000,20.71428571,6.82432624,0.32945023,2893.14285714,1655.14907975,0.57209380
32,320,50,1,R001,8.00000000,4.83045892,0.60380736,531.85714286,520.47620137,0.97860151
32,320,50,2,R002,15.57142857,5.15936504,0.33133537,1674.42857143,1135.80967554,0.67832674
32,320,50,3,R003,14.85714286,4.59813627,0.30948994,1500.42857143,782.47062930,0.52149809
32,320,50,4,R004,7.57142857,2.69920623,0.35649894,437.28571429,258.64371523,0.59147534
32,320,50,5,R005,17.71428571,2.92770022,0.16527340,1991.42857143,627.13710812,0.31491820
32,320,50,6,R006,22.14285714,3.76069902,0.16983802,3191.85714286,1172.52170251,0.36734780
32,320,50,7,R007,4.28571429,4.71572849,1.10033665,237.28571429,375.81764828,1.58381911
32,320,50,8,R008,3.28571429,2.98408477,0.90819971,121.14285714,167.83665528,1.38544409
32,320,50,9,R009,16.00000000,6.27162924,0.39197683,1778.28571429,1114.13863803,0.62652398
32,320,50,10,R010,3.14285714,4.48807945,1.42802528,159.85714286,369.98037271,2.31444380
32,320,50,11,R011,6.85714286,4.45078912,0.64907341,401.85714286,344.23801290,0.85661788
32,320,50,12,R012,16.57142857,2.37045304,0.14304458,1729.57142857,487.61386949,0.28192757
32,320,50,13,R013,1.42857143,1.13389342,0.79372539,14.57142857,38.55237625,2.64575131
32,320,50,14,R014,5.71428571,3.63841933,0.63672338,278.85714286,253.47480386,0.90897727
32,320,50,15,R015,3.14285714,2.54483604,0.80972056,107.71428571,139.17101504,1.29203860
32,320,50,16,R016,13.57142857,8.07995757,0.59536529,1495.85714286,1335.71871148,0.89294537
32,320,50,17,R017,19.42857143,5.96816954,0.30718520,2592.85714286,1548.77396980,0.59732329
32,320,50,18,R018,18.85714286,5.01426536,0.26590801,2343.85714286,1225.02101051,0.52265174
32,320,50,19,R019,1.00000000,0.00000000,0.00000000,0.00000000,0.00000000,0.00000000
32,320,50,20,R020,7.57142857,4.64962876,0.61410191,503.85714286,373.07927155,0.74044653
32,320,50,21,R021,7.71428571,6.42168944,0.83244122,574.28571429,701.62827629,1.22174078
32,320,50,22,R022,9.00000000,4.04145188,0.44905021,613.28571429,510.03487276,0.83164317
32,320,50,23,R023,7.57142857,3.59894164,0.47533192,436.57142857,310.41040422,0.71101860
32,320,50,24,R024,2.42857143,3.77964473,1.55632430,106.00000000,280.44963897,2.64575131
32,320,50,25,R025,20.85714286,3.48466026,0.16707275,2762.71428571,860.90218459,0.31161463
32,320,50,26,R026,6.57142857,8.28366149,1.26055718,595.28571429,1127.51980238,1.89408174
32,320,50,27,R027,11.14285714,4.67006679,0.41910856,907.57142857,647.24927118,0.71316620
32,320,50,28,R028,16.14285714,8.55235974,0.52979220,2004.71428571,1750.66565571,0.87327440
32,320,50,29,R029,1.00000000,0.00000000,0.00000000,0.00000000,0.00000000,0.00000000
32,320,50,30,R030,8.57142857,5.62308168,0.65602620,647.42857143,697.93286619,1.07800752
32,320,50,31,R031,1.57142857,1.51185789,0.96209139,20.00000000,52.91502622,2.64575131
32,320,100,0,R000,18.85714286,2.96808420,0.15739840,5169.57142857,1366.90073489,0.26441278
32,320,100,1,R001,8.28571429,2.62769136,0.31713516,1079.00000000,586.33011180,0.54340140
32,320,100,2,R002,13.28571429,3.09377255,0.23286460,2731.42857143,1286.85221337,0.47112790
32,320,100,3,R003,11.28571429,1.88982237,0.16745261,1875.42857143,684.81940616,0.36515355
32,320,100,4,R004,8.85714286,2.26778684,0.25604045,1156.42857143,500.66451081,0.43294028
32,320,100,5,R005,17.14285714,3.43649877,0.20046243,4439.42857143,1787.80077723,0.40270966
32,320,100,6,R006,22.00000000,1.52752523,0.06943297,6943.28571429,955.66097794,0.13763815
32,320,100,7,R007,4.71428571,3.09377255,0.65625478,473.85714286,493.80779951,1.04210268
32,320,100,8,R008,7.57142857,1.98805959,0.26257391,856.28571429,440.85360922,0.51484405
32,320,100,9,R009,14.28571429,3.25137334,0.22759613,3109.14285714,1188.73748554,0.38233608
32,320,100,10,R010,2.42857143,2.69920623,1.11143786,155.00000000,332.85081743,2.14742463
32,320,100,11,R011,8.57142857,2.22539456,0.25962937,1105.85714286,480.90519806,0.43487100
32,320,100,12,R012,10.71428571,4.64450520,0.43348715,1876.42857143,1125.45677499,0.59978663
32,320,100,13,R013,1.71428571,0.75592895,0.44095855,47.42857143,44.26005401,0.93319391
32,320,100,14,R014,7.28571429,3.14718317,0.43196632,863.14285714,616.47504101,0.71422133
32,320,100,15,R015,4.57142857,2.29906813,0.50292115,354.57142857,319.98325849,0.90245077
32,320,100,16,R016,17.00000000,2.88675135,0.16980890,4365.85714286,1617.40403410,0.37046655
32,320,100,17,R017,16.14285714,3.43649877,0.21288045,3921.14285714,1718.84354810,0.43835270
32,320,100,18,R018,19.14285714,5.55063274,0.28995843,5499.00000000,2804.89001567,0.51007274
32,320,100,19,R019,1.57142857,1.51185789,0.96209139,45.14285714,119.43677347,2.64575131
32,320,100,20,R020,7.71428571,1.97604704,0.25615425,909.85714286,386.64774174,0.42495434
32,320,100,21,R021,11.00000000,2.51661148,0.22878286,1830.42857143,719.25907644,0.39294572
32,320,100,22,R022,7.42857143,2.93582146,0.39520673,899.00000000,627.81764868,0.69835111
32,320,100,23,R023,6.42857143,4.15760920,0.64673921,811.28571429,871.36726170,1.07405720
32,320,100,24,R024,1.85714286,2.26778684,1.22111599,105.00000000,277.80388766,2.64575131
32,320,100,25,R025,19.71428571,3.09377255,0.15693049,5635.42857143,1520.12837804,0.26974495
32,320,100,26,R026,8.71428571,4.95695759,0.56883120,1357.42857143,1245.93831537,0.91786658
32,320,100,27,R027,10.00000000,3.74165739,0.37416574,1662.57142857,1038.76206084,0.62479244
32,320,100,28,R028,16.85714286,2.41029538,0.14298362,4207.14285714,1274.08861918,0.30283940
32,320,100,29,R029,1.00000000,0.00000000,0.00000000,0.00000000,0.00000000,0.00000000
32,320,100,30,R030,11.28571429,2.92770022,0.25941648,1955.42857143,957.15722448,0.48948718
32,320,100,31,R031,2.57142857,1.90237946,0.73981424,153.42857143,216.50085230,1.41108563
32,320,150,0,R000,19.71428571,3.35232684,0.17004556,8817.85714286,2425.16875211,0.27502926
32,320,150,1,R001,7.28571429,1.25356634,0.17205813,1253.57142857,381.32307262,0.30418935
32,320,150,2,R002,14.28571429,2.87020822,0.20091458,4805.42857143,2036.21543205,0.42373233
32,320,150,3,R003,11.71428571,2.49761791,0.21321129,3237.57142857,1146.77255187,0.35420765
32,320,150,4,R004,11.00000000,2.16024690,0.19638608,2763.00000000,868.19237500,0.31422091
32,320,150,5,R005,18.71428571,2.56347978,0.13697984,7857.14285714,2139.98243206,0.27236140
32,320,150,6,R006,17.71428571,3.03942350,0.17158036,7136.14285714,2085.92940345,0.29230488
32,320,150,7,R007,5.28571429,1.60356745,0.30337763,676.85714286,316.59776193,0.46774680
32,320,150,8,R008,6.42857143,2.87849167,0.44776537,1102.42857143,730.12347292,0.66228642
32,320,150,9,R009,13.00000000,4.08248290,0.31403715,4251.71428571,2439.36280712,0.57373630
32,320,150,10,R010,5.00000000,1.00000000,0.20000000,616.42857143,211.66786651,0.34337777
32,320,150,11,R011,9.28571429,1.25356634,0.13499945,1975.85714286,475.42978050,0.24061951
32,320,150,12,R012,14.14285714,2.26778684,0.16034856,4629.14285714,1540.08792266,0.33269397
32,320,150,13,R013,2.00000000,1.41421356,0.70710678,159.14285714,249.80220747,1.56967276
32,320,150,14,R014,8.28571429,3.03942350,0.36682697,1727.14285714,1329.59899075,0.76982572
32,320,150,15,R015,3.14285714,1.34518542,0.42801354,233.28571429,191.56175182,0.82114652
32,320,150,16,R016,15.71428571,1.97604704,0.12574845,5626.71428571,1255.38144459,0.22311093
32,320,150,17,R017,16.00000000,2.16024690,0.13501543,5943.00000000,1646.43959298,0.27703846
32,320,150,18,R018,14.42857143,2.99205297,0.20737001,4919.14285714,2005.52706527,0.40769848
32,320,150,19,R019,1.42857143,1.13389342,0.79372539,45.14285714,119.43677347,2.64575131
32,320,150,20,R020,7.00000000,2.08166600,0.29738086,1217.42857143,663.44174754,0.54495332
32,320,150,21,R021,9.57142857,0.97590007,0.10195971,2044.28571429,251.33424908,0.12294478
32,320,150,22,R022,6.28571429,0.75592895,0.12026142,955.85714286,249.82822670,0.26136565
32,320,150,23,R023,8.14285714,1.46385011,0.17977107,1535.00000000,540.81913181,0.35232517
32,320,150,24,R024,3.28571429,2.98408477,0.90819971,433.42857143,606.50744902,1.39932503
32,320,150,25,R025,20.85714286,2.60950643,0.12511332,10066.14285714,2768.69616899,0.27505036
32,320,150,26,R026,8.71428571,2.98408477,0.34243596,1856.28571429,1211.30751866,0.65254368
32,320,150,27,R027,11.85714286,1.46385011,0.12345724,3277.14285714,855.16634416,0.26094875
32,320,150,28,R028,16.57142857,2.81999662,0.17017221,6318.71428571,1891.61639119,0.29936729
32,320,150,29,R029,1.00000000,0.00000000,0.00000000,0.00000000,0.00000000,0.00000000
32,320,150,30,R030,9.28571429,2.62769136,0.28298215,2048.85714286,1169.98168484,0.57104112
32,320,150,31,R031,2.85714286,1.57359158,0.55075705,238.00000000,202.39153474,0.85038460
32,320,200,0,R000,20.00000000,0.57735027,0.02886751,11998.28571429,1320.97536115,0.11009701
32,320,200,1,R001,6.71428571,1.70433621,0.25383731,1475.71428571,679.99331229,0.46078927
32,320,200,2,R002,13.57142857,1.27241802,0.09375712,5553.28571429,1327.78722119,0.23909939
32,320,200,3,R003,11.14285714,1.46385011,0.13137116,3868.42857143,957.07329172,0.24740622
32,320,200,4,R004,10.42857143,1.61834719,0.15518398,3270.71428571,950.40372374,0.29057987
32,320,200,5,R005,18.57142857,1.81265393,0.09760444,10247.85714286,1576.85070405,0.15387126
32,320,200,6,R006,19.28571429,3.30223589,0.17122705,11217.85714286,3339.01709233,0.29765195
32,320,200,7,R007,5.00000000,2.70801280,0.54160256,951.85714286,744.63915838,0.78230138
32,320,200,8,R008,6.00000000,1.15470054,0.19245009,1191.28571429,434.57784661,0.36479733
32,320,200,9,R009,15.00000000,1.63299316,0.10886621,6872.57142857,1741.80125705,0.25344244
32,320,200,10,R010,4.42857143,1.90237946,0.42956956,689.57142857,526.49211996,0.76350629
32,320,200,11,R011,8.71428571,2.42997159,0.27884920,2444.57142857,1135.58558420,0.46453361
32,320,200,12,R012,12.71428571,1.88982237,0.14863771,5011.57142857,1365.67368688,0.27250409
32,320,200,13,R013,2.42857143,1.51185789,0.62252972,248.57142857,279.34796529,1.12381365
32,320,200,14,R014,6.42857143,2.50713268,0.38999842,1430.28571429,736.05020533,0.51461760
32,320,200,15,R015,4.57142857,1.13389342,0.24803919,656.71428571,320.51714166,0.48806178
32,320,200,16,R016,13.71428571,3.03942350,0.22162463,5824.71428571,2477.27052178,0.42530335
32,320,200,17,R017,16.71428571,2.36038738,0.14121976,8699.28571429,2844.44439298,0.32697448
32,320,200,18,R018,19.14285714,1.95180015,0.10195971,11050.71428571,2162.25682365,0.19566670
32,320,200,19,R019,1.00000000,0.00000000,0.00000000,0.00000000,0.00000000,0.00000000
32,320,200,20,R020,7.14285714,2.54483604,0.35627705,1850.85714286,1213.14116087,0.65544830
32,320,200,21,R021,10.28571429,2.21466971,0.21531511,3302.28571429,1255.46335593,0.38018011
32,320,200,22,R022,7.14285714,1.95180015,0.27325202,1614.14285714,886.06215519,0.54893664
32,320,200,23,R023,7.28571429,2.05866346,0.28256165,1733.42857143,816.96365834,0.47129929
32,320,200,24,R024,3.71428571,3.45032780,0.92893441,714.57142857,976.06179059,1.36594013
32,320,200,25,R025,17.42857143,1.51185789,0.08674594,9247.57142857,1758.77853989,0.19018815
32,320,200,26,R026,8.42857143,1.27241802,0.15096485,2163.71428571,672.33045305,0.31072977
32,320,200,27,R027,11.57142857,1.27241802,0.10996205,4018.00000000,740.44198512,0.18428123
32,320,200,28,R028,17.28571429,2.05866346,0.11909623,9470.85714286,2547.86390457,0.26902147
32,320,200,29,R029,1.00000000,0.00000000,0.00000000,0.00000000,0.00000000,0.00000000
32,320,200,30,R030,10.00000000,1.52752523,0.15275252,3036.57142857,984.10972578,0.32408581
32,320,200,31,R031,3.14285714,2.26778684,0.72156854,419.14285714,586.40811402,1.39906503
32,320,250,0,R000,18.85714286,2.34012617,0.12409760,13665.28571429,3501.19920952,0.25621120
32,320,250,1,R001,7.71428571,1.11269728,0.14423854,2371.57142857,796.91673700,0.33602898
32,320,250,2,R002,14.14285714,1.34518542,0.09511412,7640.71428571,1624.71204775,0.21263876
32,320,250,3,R003,11.14285714,1.06904497,0.09593993,4865.57142857,959.31883076,0.19716468
32,320,250,4,R004,9.57142857,1.61834719,0.16908105,3573.57142857,1117.13783947,0.31261103
32,320,250,5,R005,15.14285714,3.18478526,0.21031601,9073.71428571,3595.06577197,0.39620663
32,320,250,6,R006,19.57142857,1.61834719,0.08268927,14391.28571429,2328.15167850,0.16177510
32,320,250,7,R007,6.85714286,1.21498579,0.17718543,1956.14285714,650.85339583,0.33272283
32,320,250,8,R008,6.00000000,1.52752523,0.25458754,1439.71428571,765.45318043,0.53167020
32,320,250,9,R009,13.28571429,2.28868854,0.17226688,6930.14285714,2695.86519375,0.38900572
32,320,250,10,R010,4.28571429,1.79947082,0.41987653,873.85714286,553.80334313,0.63374586
32,320,250,11,R011,8.71428571,1.25356634,0.14385188,3030.14285714,775.73845003,0.25600722
32,320,250,12,R012,13.14285714,1.95180015,0.14850653,6733.71428571,1923.89480952,0.28571079
32,320,250,13,R013,2.85714286,1.57359158,0.55075705,386.28571429,363.44129021,0.94086133
32,320,250,14,R014,7.71428571,2.92770022,0.37951670,2641.71428571,1619.90696382,0.61320294
32,320,250,15,R015,5.14285714,0.89973541,0.17494855,1081.85714286,388.34582036,0.35896220
32,320,250,16,R016,16.14285714,2.60950643,0.16165084,9877.85714286,3289.04441181,0.33297145
32,320,250,17,R017,16.00000000,0.81649658,0.05103104,9816.42857143,779.89376566,0.07944781
32,320,250,18,R018,16.57142857,1.51185789,0.09123280,10452.28571429,1841.32784645,0.17616509
32,320,250,19,R019,1.28571429,0.75592895,0.58794474,65.28571429,172.72976417,2.64575131
32,320,250,20,R020,6.85714286,1.57359158,0.22948211,1755.00000000,842.46305557,0.48003593
32,320,250,21,R021,10.28571429,0.95118973,0.09247678,3876.42857143,629.81554367,0.16247315
32,320,250,22,R022,7.28571429,1.60356745,0.22009749,2211.28571429,973.81803815,0.44038544
32,320,250,23,R023,7.85714286,2.41029538,0.30676487,2543.14285714,1374.41883822,0.54044107
32,320,250,24,R024,4.71428571,2.87020822,0.60883205,1093.14285714,1008.46639815,0.92253852
32,320,250,25,R025,18.57142857,2.81999662,0.15184597,13223.42857143,4021.32775988,0.30410629
32,320,250,26,R026,9.00000000,1.63299316,0.18144368,3134.85714286,1190.65744144,0.37981234
32,320,250,27,R027,11.00000000,1.73205081,0.15745916,4562.14285714,1374.98550642,0.30139028
32,320,250,28,R028,16.71428571,2.05866346,0.12316790,10794.42857143,2032.85348358,0.18832433
32,320,250,29,R029,1.00000000,0.00000000,0.00000000,0.00000000,0.00000000,0.00000000
32,320,250,30,R030,9.42857143,2.14919697,0.22794513,3468.57142857,1657.41614742,0.47783826
32,320,250,31,R031,3.14285714,2.41029538,0.76691217,559.42857143,615.81351537,1.10079025
32,320,300,0,R000,18.57142857,2.50713268,0.13499945,16898.14285714,4246.03475526,0.25127227
32,320,300,1,R001,7.14285714,0.89973541,0.12596296,2742.57142857,704.77558063,0.25697620
32,320,300,2,R002,13.71428571,1.11269728,0.08113418,9003.42857143,1448.54960301,0.16088866
32,320,300,3,R003,10.85714286,1.06904497,0.09846467,5958.00000000,1000.71174671,0.16796102
32,320,300,4,R004,8.42857143,1.13389342,0.13452973,3555.57142857,1071.79831081,0.30144193
32,320,300,5,R005,17.14285714,1.34518542,0.07846915,14329.28571429,2337.81969039,0.16314977
32,320,300,6,R006,18.57142857,1.98805959,0.10704936,16765.85714286,3122.31983353,0.18623085
32,320,300,7,R007,7.42857143,1.13389342,0.15263950,2678.71428571,672.99547158,0.25123824
32,320,300,8,R008,6.28571429,1.49602648,0.23800421,2057.57142857,902.75704689,0.43874883
32,320,300,9,R009,14.14285714,1.46385011,0.10350455,9753.14285714,2058.13138782,0.21102238
32,320,300,10,R010,4.14285714,1.34518542,0.32469993,899.14285714,477.97887979,0.53159392
32,320,300,11,R011,7.71428571,1.70433621,0.22093247,2907.85714286,1103.76392835,0.37957983
32,320,300,12,R012,14.42857143,1.61834719,0.11216268,10265.14285714,2741.03845459,0.26702390
32,320,300,13,R013,2.85714286,1.77281052,0.62048368,487.71428571,427.29603879,0.87611959
32,320,300,14,R014,8.28571429,0.48795004,0.05889052,3424.71428571,437.65805308,0.12779403
32,320,300,15,R015,4.71428571,1.11269728,0.23602670,1145.85714286,474.52131268,0.41411909
32,320,300,16,R016,14.85714286,1.67616342,0.11281869,10779.42857143,2410.88786253,0.22365637
32,320,300,17,R017,15.85714286,1.95180015,0.12308650,12398.85714286,2830.02864700,0.22824915
32,320,300,18,R018,15.85714286,1.77281052,0.11179886,12089.85714286,2756.47174413,0.22799870
32,320,300,19,R019,1.28571429,0.75592895,0.58794474,81.71428571,216.19567856,2.64575131
32,320,300,20,R020,7.71428571,0.75592895,0.09799079,2820.57142857,609.98903191,0.21626434
32,320,300,21,R021,9.71428571,1.11269728,0.11454237,4788.14285714,1035.72960251,0.21631134
32,320,300,22,R022,7.00000000,0.81649658,0.11664237,2440.28571429,541.38270945,0.22185218
32,320,300,23,R023,8.28571429,1.79947082,0.21717751,3557.00000000,1342.88619523,0.37753337
32,320,300,24,R024,4.71428571,1.25356634,0.26590801,1135.14285714,593.20385158,0.52258079
32,320,300,25,R025,19.28571429,1.79947082,0.09330589,18337.14285714,3076.77344137,0.16778914
32,320,300,26,R026,9.71428571,1.25356634,0.12904359,4684.57142857,1036.48586695,0.22125522
32,320,300,27,R027,10.28571429,1.88982237,0.18373273,5311.28571429,1860.00992061,0.35019956
32,320,300,28,R028,15.42857143,1.98805959,0.12885571,11816.14285714,2913.30662241,0.24655310
32,320,300,29,R029,1.00000000,0.00000000,0.00000000,0.00000000,0.00000000,0.00000000
32,320,300,30,R030,10.57142857,1.13389342,0.10726019,5769.57142857,1065.48187176,0.18467262
32,320,300,31,R031,4.00000000,1.15470054,0.28867513,830.00000000,473.97960575,0.57105977
32,320,350,0,R000,18.14285714,1.21498579,0.06696772,17988.28571429,2262.37527938,0.12576937
32,320,350,1,R001,8.14285714,1.57359158,0.19324809,3788.28571429,1345.74127210,0.35523753
32,320,350,2,R002,14.57142857,1.27241802,0.08732281,11752.71428571,1924.87001416,0.16378089
32,320,350,3,R003,10.71428571,1.38013112,0.12881224,6510.28571429,1529.67705898,0.23496312
32,320,350,4,R004,9.14285714,0.89973541,0.09840856,4548.00000000,923.87805833,0.20313941
32,320,350,5,R005,17.28571429,2.13808994,0.12369115,16653.85714286,3496.21549815,0.20993428
32,320,350,6,R006,18.42857143,1.27241802,0.06904594,18733.14285714,2444.27176807,0.13047847
32,320,350,7,R007,7.28571429,1.38013112,0.18942976,3040.14285714,1117.96443422,0.36773418
32,320,350,8,R008,6.57142857,1.27241802,0.19362883,2570.71428571,863.31564608,0.33582715
32,320,350,9,R009,14.28571429,1.79947082,0.12596296,11198.00000000,2344.35918750,0.20935517
32,320,350,10,R010,3.71428571,1.79947082,0.48447291,951.28571429,808.35732905,0.84975241
32,320,350,11,R011,9.28571429,1.25356634,0.13499945,4960.42857143,1156.11574639,0.23306771
32,320,350,12,R012,12.71428571,1.70433621,0.13404892,8892.57142857,2344.55837044,0.26365359
32,320,350,13,R013,2.42857143,1.90237946,0.78333272,469.00000000,696.32607304,1.48470378
32,320,350,14,R014,7.14285714,1.34518542,0.18832596,2783.71428571,1160.55413694,0.41690850
32,320,350,15,R015,3.85714286,0.89973541,0.23326474,922.14285714,357.81579459,0.38802642
32,320,350,16,R016,14.28571429,1.11269728,0.07788881,11456.28571429,1925.02110069,0.16803187
32,320,350,17,R017,14.42857143,1.27241802,0.08818739,11699.57142857,2183.48084925,0.18662913
32,320,350,18,R018,17.00000000,2.00000000,0.11764706,15982.71428571,3667.62637657,0.22947456
32,320,350,19,R019,1.00000000,0.00000000,0.00000000,0.00000000,0.00000000,0.00000000
32,320,350,20,R020,6.57142857,0.97590007,0.14850653,2466.85714286,651.80708510,0.26422571
32,320,350,21,R021,9.57142857,1.81265393,0.18938175,5139.28571429,1771.91108828,0.34477770
32,320,350,22,R022,7.85714286,1.06904497,0.13606027,3378.85714286,814.39127135,0.24102566
32,320,350,23,R023,8.42857143,0.78679579,0.09334865,3970.14285714,894.94905415,0.22541986
32,320,350,24,R024,4.71428571,2.42997159,0.51544852,1393.00000000,1282.38943643,0.92059543
32,320,350,25,R025,19.28571429,2.49761791,0.12950611,20490.14285714,5306.19463233,0.25896328
32,320,350,26,R026,9.42857143,1.27241802,0.13495343,4775.57142857,1033.68932424,0.21645354
32,320,350,27,R027,10.57142857,1.27241802,0.12036387,6257.14285714,1619.21024253,0.25877789
32,320,350,28,R028,18.28571429,1.60356745,0.08769510,18404.14285714,3047.34892590,0.16557951
32,320,350,29,R029,1.00000000,0.00000000,0.00000000,0.00000000,0.00000000,0.00000000
32,320,350,30,R030,10.28571429,1.60356745,0.15590239,5795.71428571,1696.27333826,0.29267718
32,320,350,31,R031,3.57142857,1.51185789,0.42332021,810.28571429,600.53773522,0.74114319
32,320,400,0,R000,18.14285714,1.57359158,0.08673339,20818.42857143,4216.01976028,0.20251383
32,320,400,1,R001,8.14285714,0.69006556,0.08474489,4030.42857143,534.66901199,0.13265810
32,320,400,2,R002,14.57142857,1.71824939,0.11791908,13474.14285714,2969.21361242,0.22036382
32,320,400,3,R003,11.00000000,1.41421356,0.12856487,7639.42857143,1740.38624613,0.22781629
32,320,400,4,R004,9.00000000,1.52752523,0.16972503,5199.85714286,1707.89387147,0.32845015
32,320,400,5,R005,17.85714286,2.41029538,0.13497654,19759.00000000,5134.69791387,0.25986628
32,320,400,6,R006,19.00000000,1.63299316,0.08594701,22875.57142857,3753.43411012,0.16408045
32,320,400,7,R007,7.57142857,1.27241802,0.16805521,3766.71428571,1021.77863132,0.27126523
32,320,400,8,R008,7.14285714,0.69006556,0.09660918,3064.71428571,521.72141809,0.17023493
32,320,400,9,R009,13.57142857,1.51185789,0.11140006,11698.71428571,2600.93506995,0.22232657
32,320,400,10,R010,4.57142857,1.27241802,0.27834144,1412.42857143,873.36301295,0.61834137
32,320,400,11,R011,9.57142857,1.51185789,0.15795530,5777.71428571,1661.32303845,0.28753984
32,320,400,12,R012,15.00000000,1.82574186,0.12171612,14263.42857143,3055.03403457,0.21418651
32,320,400,13,R013,2.57142857,1.51185789,0.58794474,542.00000000,447.99255946,0.82655454
32,320,400,14,R014,7.28571429,1.49602648,0.20533697,3529.85714286,1174.14968219,0.33263377
32,320,400,15,R015,4.00000000,1.00000000,0.25000000,992.71428571,436.62826076,0.43983276
32,320,400,16,R016,14.71428571,2.69037084,0.18284074,14097.14285714,4958.97104342,0.35177135
32,320,400,17,R017,15.28571429,1.60356745,0.10490628,14548.28571429,2519.73065454,0.17319777
32,320,400,18,R018,16.00000000,1.41421356,0.08838835,16167.85714286,2907.14191997,0.17980997
32,320,400,19,R019,1.00000000,0.00000000,0.00000000,0.00000000,0.00000000,0.00000000
32,320,400,20,R020,7.14285714,0.89973541,0.12596296,3397.85714286,937.66508388,0.27595777
32,320,400,21,R021,9.85714286,0.89973541,0.09127751,6205.85714286,1126.01723323,0.18144427
32,320,400,22,R022,7.28571429,0.95118973,0.13055545,3275.28571429,654.77953396,0.19991524
32,320,400,23,R023,6.42857143,1.90237946,0.29592569,2706.85714286,1785.88021515,0.65976153
32,320,400,24,R024,4.00000000,2.58198890,0.64549722,1325.85714286,1375.55606072,1.03748437
32,320,400,25,R025,19.00000000,3.82970843,0.20156360,22810.28571429,7614.77615592,0.33383081
32,320,400,26,R026,9.00000000,1.52752523,0.16972503,5197.14285714,1418.57785929,0.27295341
32,320,400,27,R027,9.28571429,1.49602648,0.16111054,5485.42857143,1475.04122622,0.26890173
32,320,400,28,R028,18.28571429,1.25356634,0.06855441,20738.42857143,3222.04690930,0.15536601
32,320,400,29,R029,1.00000000,0.00000000,0.00000000,0.00000000,0.00000000,0.00000000
32,320,400,30,R030,9.71428571,1.11269728,0.11454237,5892.71428571,1067.75835504,0.18119975
32,320,400,31,R031,3.00000000,0.00000000,0.00000000,605.14285714,124.39644766,0.20556542
32,320,450,0,R000,17.57142857,0.78679579,0.04477700,22189.28571429,1520.12836237,0.06850731
32,320,450,1,R001,7.28571429,1.49602648,0.20533697,3998.14285714,1962.19701938,0.49077712
32,320,450,2,R002,13.85714286,1.34518542,0.09707524,13745.71428571,2612.48551602,0.19005819
32,320,450,3,R003,10.85714286,1.06904497,0.09846467,8598.14285714,1861.24979772,0.21647114
32,320,450,4,R004,8.57142857,0.53452248,0.06236096,5452.14285714,942.95641974,0.17295152
32,320,450,5,R005,17.71428571,1.25356634,0.07076584,22193.85714286,2379.06763450,0.10719487
32,320,450,6,R006,18.85714286,1.86445447,0.09887259,25456.28571429,4619.93292571,0.18148496
32,320,450,7,R007,7.57142857,1.51185789,0.19967934,4265.57142857,1440.78368225,0.33777038
32,320,450,8,R008,6.14285714,1.06904497,0.17403058,2800.42857143,869.74897856,0.31057710
32,320,450,9,R009,13.28571429,1.70433621,0.12828337,12609.28571429,3151.60597761,0.24994326
32,320,450,10,R010,3.71428571,1.38013112,0.37157376,1081.14285714,619.99903994,0.57346634
32,320,450,11,R011,8.28571429,1.25356634,0.15129249,4895.28571429,1508.81108982,0.30821717
32,320,450,12,R012,14.00000000,1.41421356,0.10101525,14087.71428571,2772.00990344,0.19676790
32,320,450,13,R013,4.14285714,0.69006556,0.16656755,1173.71428571,359.31634822,0.30613613
32,320,450,14,R014,7.85714286,1.21498579,0.15463456,4715.28571429,1410.26731677,0.29908417
32,320,450,15,R015,4.57142857,0.78679579,0.17211158,1562.42857143,432.57325281,0.27685954
32,320,450,16,R016,15.00000000,1.00000000,0.06666667,16267.71428571,2291.77927342,0.14087900
32,320,450,17,R017,15.14285714,1.86445447,0.12312435,16718.28571429,3911.99261734,0.23399484
32,320,450,18,R018,15.85714286,2.47847880,0.15630046,18208.57142857,5569.17752327,0.30585472
32,320,450,19,R019,1.14285714,0.37796447,0.33071891,39.00000000,103.18430113,2.64575131
32,320,450,20,R020,7.00000000,1.15470054,0.16495722,3426.14285714,1019.89075045,0.29767899
32,320,450,21,R021,10.00000000,1.52752523,0.15275252,7139.71428571,1907.01544429,0.26709969
32,320,450,22,R022,7.85714286,1.77281052,0.22563043,4553.28571429,1742.73986530,0.38274336
32,320,450,23,R023,8.42857143,1.61834719,0.19200729,5275.42857143,2087.15083764,0.39563626
32,320,450,24,R024,3.71428571,2.21466971,0.59625723,1248.57142857,1140.12584936,0.91314427
32,320,450,25,R025,20.00000000,1.00000000,0.05000000,28511.42857143,2744.92719133,0.09627463
32,320,450,26,R026,9.28571429,1.49602648,0.16111054,6115.85714286,1616.32870302,0.26428490
32,320,450,27,R027,11.28571429,0.75592895,0.06698105,9085.00000000,1041.83491974,0.11467638
32,320,450,28,R028,17.14285714,0.37796447,0.02204793,21151.57142857,1052.73593668,0.04977105
32,320,450,29,R029,1.00000000,0.00000000,0.00000000,0.00000000,0.00000000,0.00000000
32,320,450,30,R030,10.42857143,1.51185789,0.14497267,7655.42857143,1816.76258375,0.23731690
32,320,450,31,R031,2.42857143,0.78679579,0.32397474,486.71428571,273.39026701,0.56170586
32,320,500,0,R000,18.00000000,1.52752523,0.08486251,26619.28571429,4484.12718056,0.16845408
32,320,500,1,R001,7.00000000,1.41421356,0.20203051,4105.00000000,1508.93847898,0.36758550
32,320,500,2,R002,13.71428571,1.38013112,0.10063456,14949.71428571,3204.12789561,0.21432703
32,320,500,3,R003,11.14285714,0.89973541,0.08074549,9766.14285714,1147.26579724,0.11747379
32,320,500,4,R004,8.85714286,1.06904497,0.12069863,6515.85714286,1314.20551774,0.20169342
32,320,500,5,R005,16.57142857,1.51185789,0.09123280,21989.42857143,3666.95427011,0.16675987
32,320,500,6,R006,17.85714286,1.57359158,0.08812113,26308.00000000,4413.74459312,0.16777196
32,320,500,7,R007,7.28571429,1.38013112,0.18942976,4377.71428571,1796.76224677,0.41043388
32,320,500,8,R008,5.28571429,0.75592895,0.14301358,2512.14285714,660.30635026,0.26284586
32,320,500,9,R009,14.14285714,1.06904497,0.07558904,16054.42857143,2250.79925487,0.14019803
32,320,500,10,R010,3.85714286,1.46385011,0.37951670,1281.85714286,774.52489277,0.60422091
32,320,500,11,R011,9.14285714,1.21498579,0.13288907,6968.71428571,1839.82750227,0.26401247
32,320,500,12,R012,14.00000000,1.29099445,0.09221389,15176.14285714,2488.42161678,0.16396931
32,320,500,13,R013,3.00000000,1.52752523,0.50917508,953.85714286,625.56545849,0.65582720
32,320,500,14,R014,8.14285714,0.89973541,0.11049382,5426.00000000,1130.08274033,0.20827179
32,320,500,15,R015,4.57142857,0.97590007,0.21347814,1671.71428571,544.82985549,0.32591087
32,320,500,16,R016,15.71428571,1.38013112,0.08782653,19633.85714286,3939.65969040,0.20065643
32,320,500,17,R017,15.00000000,2.44948974,0.16329932,18310.14285714,5865.89568121,0.32036318
32,320,500,18,R018,16.85714286,2.26778684,0.13452973,22812.42857143,5636.67570048,0.24708793
32,320,500,19,R019,1.00000000,0.00000000,0.00000000,0.00000000,0.00000000,0.00000000
32,320,500,20,R020,5.85714286,1.06904497,0.18251987,2855.42857143,1068.77856409,0.37429708
32,320,500,21,R021,11.00000000,1.52752523,0.13886593,9627.57142857,2418.30104668,0.25118495
32,320,500,22,R022,8.00000000,0.81649658,0.10206207,5476.14285714,996.52419749,0.18197557
32,320,500,23,R023,8.14285714,1.34518542,0.16519821,5390.85714286,1582.66909877,0.29358394
32,320,500,24,R024,4.71428571,2.87020822,0.60883205,2409.85714286,2172.55260225,0.90152755
32,320,500,25,R025,18.57142857,1.39727626,0.07523795,28083.14285714,3987.93745473,0.14200467
32,320,500,26,R026,9.14285714,0.69006556,0.07547592,6532.42857143,1057.36856664,0.16186454
32,320,500,27,R027,11.57142857,0.97590007,0.08433704,10662.71428571,1469.17479267,0.13778619
32,320,500,28,R028,17.57142857,1.61834719,0.09210106,25488.57142857,4977.05829639,0.19526627
32,320,500,29,R029,1.00000000,0.00000000,0.00000000,0.00000000,0.00000000,0.00000000
32,320,500,30,R030,10.00000000,1.63299316,0.16329932,8261.57142857,2832.87891594,0.34289831
32,320,500,31,R031,3.28571429,1.11269728,0.33864700,916.42857143,426.08209582,0.46493759
