route_count,total_fleet,sample_size,trial,route_index,route_id,allocation,demand_hits,exact_share,od_without_route_hits,trial_elapsed_sec
38,2000,500,0,0,R00_Tubod_Tibanga,13,173.0,13.08836850,30,43.754571
38,2000,500,0,1,R01_Tubod_Tominobo,10,106.0,10.24508097,30,43.754571
38,2000,500,0,2,R02_Palao_Kiwalan,76,5809.0,75.84258912,30,43.754571
38,2000,500,0,3,R03_Buruun_Palao,128,16466.0,127.68989147,30,43.754571
38,2000,500,0,4,R04_Tambacan_Tibanga,1,0.0,0.99509023,30,43.754571
38,2000,500,0,5,R05_Tubod_Tipanoy,30,890.0,29.68639526,30,43.754571
38,2000,500,0,6,R06_MariaCristina_Tubod,1,0.0,0.99509023,30,43.754571
38,2000,500,0,7,R07_Palao_Luinab,27,715.0,26.60819920,30,43.754571
38,2000,500,0,8,R08_Dalipuga_Palao,144,20824.0,143.59672658,30,43.754571
38,2000,500,0,9,R09_Buruun_Tubod,32,1065.0,32.47411066,30,43.754571
38,2000,500,0,10,R10_Tominobo_Tibanga,16,250.0,15.73375802,30,43.754571
38,2000,500,0,11,R11_Tipanoy_Palao,132,17694.0,132.36570399,30,43.754571
38,2000,500,0,12,R12_Luinab_Tibanga,17,280.0,16.65104437,30,43.754571
38,2000,500,0,13,R13_Bonbonon_Kiwalan,106,11407.0,106.27917710,30,43.754571
38,2000,500,0,14,R14_Ditucalan_Tubod,73,5373.0,72.94086052,30,43.754571
38,2000,500,0,15,R15_VillaVerde_Palao,12,137.0,11.64723253,30,43.754571
38,2000,500,0,16,R16_UpperTominobo_Tubod,31,944.0,30.57373236,30,43.754571
38,2000,500,0,17,R17_BagongSilang_Palao,1,0.0,0.99509023,30,43.754571
38,2000,500,0,18,R18_SanMiguel_Tibanga,8,69.0,8.26584025,30,43.754571
38,2000,500,0,19,R19_DelCarmen_Luinab,1,0.0,0.99509023,30,43.754571
38,2000,500,0,20,R20_Pugaan_Tibanga,76,5902.0,76.44728477,30,43.754571
38,2000,500,0,21,R21_Abuno_Tubod,24,589.0,24.15016541,30,43.754571
38,2000,500,0,22,R22_SantaFilomena_Tibanga,10,99.0,9.90102278,30,43.754571
38,2000,500,0,23,R23_Acmac_Kiwalan,1,0.0,0.99509023,30,43.754571
38,2000,500,0,24,R24_Kabacsanan_Kiwalan,217,47505.0,216.88630181,30,43.754571
38,2000,500,0,25,R25_Bunawan_Dalipuga,176,31303.0,176.05786984,30,43.754571
38,2000,500,0,26,R26_Dalipuga_Tibanga,27,715.0,26.60819920,30,43.754571
38,2000,500,0,27,R27_Bonbonon_Palao,216,47046.0,215.83596553,30,43.754571
38,2000,500,0,28,R28_MariaCristina_Tipanoy,31,1004.0,31.53038827,30,43.754571
38,2000,500,0,29,R29_Buruun_Tominobo,1,0.0,0.99509023,30,43.754571
38,2000,500,0,30,R30_Tambacan_Luinab,22,495.0,22.13935998,30,43.754571
38,2000,500,0,31,R31_Center_Kiwalan,32,1033.0,31.98251580,30,43.754571
38,2000,500,0,32,R32_Suarez_Tibanga,18,318.0,17.74500076,30,43.754571
38,2000,500,0,33,R33_Ditucalan_Palao,91,8354.0,90.95146478,30,43.754571
38,2000,500,0,34,R34_UpperTominobo_Palao,74,5538.0,74.05236584,30,43.754571
38,2000,500,0,35,R35_Buruun_Tipanoy,15,243.0,15.51192153,30,43.754571
38,2000,500,0,36,R36_Tubod_Kiwalan,109,12119.0,109.54583121,30,43.754571
38,2000,500,0,37,R37_Palao_SantaFilomena,1,0.0,0.99509023,30,43.754571
38,2000,500,1,0,R00_Tubod_Tibanga,8,62.0,7.97563088,32,42.524514
38,2000,500,1,1,R01_Tubod_Tominobo,28,745.0,27.64695705,32,42.524514
38,2000,500,1,2,R02_Palao_Kiwalan,56,3046.0,55.90287596,32,42.524514
38,2000,500,1,3,R03_Buruun_Palao,125,15240.0,125.04366233,32,42.524514
38,2000,500,1,4,R04_Tambacan_Tibanga,5,23.0,4.85772717,32,42.524514
38,2000,500,1,5,R05_Tubod_Tipanoy,30,899.0,30.37029758,32,42.524514
38,2000,500,1,6,R06_MariaCristina_Tubod,1,0.0,1.01290613,32,42.524514
38,2000,500,1,7,R07_Palao_Luinab,35,1195.0,35.01492127,32,42.524514
38,2000,500,1,8,R08_Dalipuga_Palao,137,18284.0,136.96348810,32,42.524514
38,2000,500,1,9,R09_Buruun_Tubod,26,684.0,26.49093288,32,42.524514
38,2000,500,1,10,R10_Tominobo_Tibanga,9,72.0,8.59479356,32,42.524514
38,2000,500,1,11,R11_Tipanoy_Palao,135,17713.0,134.80787497,32,42.524514
38,2000,500,1,12,R12_Luinab_Tibanga,13,163.0,12.93191983,32,42.524514
38,2000,500,1,13,R13_Bonbonon_Kiwalan,110,11890.0,110.44857800,32,42.524514
38,2000,500,1,14,R14_Ditucalan_Tubod,65,4158.0,65.31477634,32,42.524514
38,2000,500,1,15,R15_VillaVerde_Palao,12,149.0,12.36409507,32,42.524514
38,2000,500,1,16,R16_UpperTominobo_Tubod,39,1483.0,39.00675091,32,42.524514
38,2000,500,1,17,R17_BagongSilang_Palao,1,0.0,1.01290613,32,42.524514
38,2000,500,1,18,R18_SanMiguel_Tibanga,1,0.0,1.01290613,32,42.524514
38,2000,500,1,19,R19_DelCarmen_Luinab,1,0.0,1.01290613,32,42.524514
38,2000,500,1,20,R20_Pugaan_Tibanga,73,5126.0,72.52011806,32,42.524514
38,2000,500,1,21,R21_Abuno_Tubod,38,1414.0,38.08850321,32,42.524514
38,2000,500,1,22,R22_SantaFilomena_Tibanga,1,0.0,1.01290613,32,42.524514
38,2000,500,1,23,R23_Acmac_Kiwalan,1,0.0,1.01290613,32,42.524514
38,2000,500,1,24,R24_Kabacsanan_Kiwalan,217,45991.0,217.22291024,32,42.524514
38,2000,500,1,25,R25_Bunawan_Dalipuga,177,30661.0,177.36272762,32,42.524514
38,2000,500,1,26,R26_Dalipuga_Tibanga,28,771.0,28.12524994,32,42.524514
38,2000,500,1,27,R27_Bonbonon_Palao,195,37125.0,195.16522322,32,42.524514
38,2000,500,1,28,R28_MariaCristina_Tipanoy,47,2115.0,46.58267105,32,42.524514
38,2000,500,1,29,R29_Buruun_Tominobo,1,0.0,1.01290613,32,42.524514
38,2000,500,1,30,R30_Tambacan_Luinab,19,344.0,18.78661013,32,42.524514
38,2000,500,1,31,R31_Center_Kiwalan,27,709.0,26.97070626,32,42.524514
38,2000,500,1,32,R32_Suarez_Tibanga,18,311.0,17.86279425,32,42.524514
38,2000,500,1,33,R33_Ditucalan_Palao,83,6662.0,82.67448831,32,42.524514
38,2000,500,1,34,R34_UpperTominobo_Palao,71,4954.0,71.29305129,32,42.524514
38,2000,500,1,35,R35_Buruun_Tipanoy,36,1234.0,35.58170718,32,42.524514
38,2000,500,1,36,R36_Tubod_Kiwalan,130,16453.0,129.92470827,32,42.524514
38,2000,500,1,37,R37_Palao_SantaFilomena,1,0.0,1.01290613,32,42.524514
38,2000,500,2,0,R00_Tubod_Tibanga,6,41.0,6.38749547,23,44.731577
38,2000,500,2,1,R01_Tubod_Tominobo,27,744.0,27.20978716,23,44.731577
38,2000,500,2,2,R02_Palao_Kiwalan,74,5502.0,73.99441992,23,44.731577
38,2000,500,2,3,R03_Buruun_Palao,113,12792.0,112.82566507,23,44.731577
38,2000,500,2,4,R04_Tambacan_Tibanga,1,0.0,0.99755920,23,44.731577
38,2000,500,2,5,R05_Tubod_Tipanoy,27,713.0,26.63688537,23,44.731577
38,2000,500,2,6,R06_MariaCristina_Tubod,1,0.0,0.99755920,23,44.731577
38,2000,500,2,7,R07_Palao_Luinab,36,1302.0,35.99516502,23,44.731577
38,2000,500,2,8,R08_Dalipuga_Palao,148,22106.0,148.31796555,23,44.731577
38,2000,500,2,9,R09_Buruun_Tubod,24,572.0,23.85814596,23,44.731577
38,2000,500,2,10,R10_Tominobo_Tibanga,9,73.0,8.52314951,23,44.731577
38,2000,500,2,11,R11_Tipanoy_Palao,131,17373.0,131.48496245,23,44.731577
38,2000,500,2,12,R12_Luinab_Tibanga,26,667.0,25.76330612,23,44.731577
38,2000,500,2,13,R13_Bonbonon_Kiwalan,112,12540.0,111.70881506,23,44.731577
38,2000,500,2,14,R14_Ditucalan_Tubod,66,4389.0,66.08782624,23,44.731577
38,2000,500,2,15,R15_VillaVerde_Palao,10,94.0,9.67169525,23,44.731577
38,2000,500,2,16,R16_UpperTominobo_Tubod,35,1257.0,35.36765909,23,44.731577
38,2000,500,2,17,R17_BagongSilang_Palao,6,32.0,5.64304698,23,44.731577
38,2000,500,2,18,R18_SanMiguel_Tibanga,10,94.0,9.67169525,23,44.731577
38,2000,500,2,19,R19_DelCarmen_Luinab,1,0.0,0.99755920,23,44.731577
38,2000,500,2,20,R20_Pugaan_Tibanga,76,5786.0,75.88009947,23,44.731577
38,2000,500,2,21,R21_Abuno_Tubod,33,1100.0,33.08529562,23,44.731577
38,2000,500,2,22,R22_SantaFilomena_Tibanga,1,0.0,0.99755920,23,44.731577
38,2000,500,2,23,R23_Acmac_Kiwalan,1,0.0,0.99755920,23,44.731577
38,2000,500,2,24,R24_Kabacsanan_Kiwalan,225,50822.0,224.88710450,23,44.731577
38,2000,500,2,25,R25_Bunawan_Dalipuga,184,34151.0,184.34883160,23,44.731577
38,2000,500,2,26,R26_Dalipuga_Tibanga,26,696.0,26.31741910,23,44.731577
38,2000,500,2,27,R27_Bonbonon_Palao,196,38735.0,196.33171353,23,44.731577
38,2000,500,2,28,R28_MariaCristina_Tipanoy,30,876.0,29.52505600,23,44.731577
38,2000,500,2,29,R29_Buruun_Tominobo,1,0.0,0.99755920,23,44.731577
38,2000,500,2,30,R30_Tambacan_Luinab,21,447.0,21.09077014,23,44.731577
38,2000,500,2,31,R31_Center_Kiwalan,27,718.0,26.73011942,23,44.731577
38,2000,500,2,32,R32_Suarez_Tibanga,20,409.0,20.17438623,23,44.731577
38,2000,500,2,33,R33_Ditucalan_Palao,76,5777.0,75.82106156,23,44.731577
38,2000,500,2,34,R34_UpperTominobo_Palao,76,5793.0,75.92598610,23,44.731577
38,2000,500,2,35,R35_Buruun_Tipanoy,29,871.0,29.44067441,23,44.731577
38,2000,500,2,36,R36_Tubod_Kiwalan,114,13131.0,114.31088248,23,44.731577
38,2000,500,2,37,R37_Palao_SantaFilomena,1,0.0,0.99755920,23,44.731577
38,2000,500,3,0,R00_Tubod_Tibanga,12,162.0,12.55818719,27,44.646995
38,2000,500,3,1,R01_Tubod_Tominobo,28,782.0,27.59134183,27,44.646995
38,2000,500,3,2,R02_Palao_Kiwalan,68,4742.0,67.94386059,27,44.646995
38,2000,500,3,3,R03_Buruun_Palao,120,14790.0,119.99234262,27,44.646995
38,2000,500,3,4,R04_Tambacan_Tibanga,3,8.0,2.79070827,27,44.646995
38,2000,500,3,5,R05_Tubod_Tipanoy,34,1187.0,33.99341566,27,44.646995
38,2000,500,3,6,R06_MariaCristina_Tubod,1,0.0,0.98666437,27,44.646995
38,2000,500,3,7,R07_Palao_Luinab,36,1326.0,35.92867549,27,44.646995
38,2000,500,3,8,R08_Dalipuga_Palao,151,23532.0,151.35572929,27,44.646995
38,2000,500,3,9,R09_Buruun_Tubod,8,59.0,7.57871283,27,44.646995
38,2000,500,3,10,R10_Tominobo_Tibanga,7,50.0,6.97677066,27,44.646995
38,2000,500,3,11,R11_Tipanoy_Palao,128,16951.0,128.45976024,27,44.646995
38,2000,500,3,12,R12_Luinab_Tibanga,20,408.0,19.92964334,27,44.646995
38,2000,500,3,13,R13_Bonbonon_Kiwalan,104,11061.0,103.76876340,27,44.646995
38,2000,500,3,14,R14_Ditucalan_Tubod,72,5307.0,71.87766975,27,44.646995
38,2000,500,3,15,R15_VillaVerde_Palao,11,133.0,11.37876860,27,44.646995
38,2000,500,3,16,R16_UpperTominobo_Tubod,33,1116.0,32.96108828,27,44.646995
38,2000,500,3,17,R17_BagongSilang_Palao,6,32.0,5.58141653,27,44.646995
38,2000,500,3,18,R18_SanMiguel_Tibanga,11,117.0,10.67240693,27,44.646995
38,2000,500,3,19,R19_DelCarmen_Luinab,1,0.0,0.98666437,27,44.646995
38,2000,500,3,20,R20_Pugaan_Tibanga,71,5199.0,71.14253790,27,44.646995
38,2000,500,3,21,R21_Abuno_Tubod,27,731.0,26.67645607,27,44.646995
38,2000,500,3,22,R22_SantaFilomena_Tibanga,1,0.0,0.98666437,27,44.646995
38,2000,500,3,23,R23_Acmac_Kiwalan,1,0.0,0.98666437,27,44.646995
38,2000,500,3,24,R24_Kabacsanan_Kiwalan,227,53019.0,227.18790736,27,44.646995
38,2000,500,3,25,R25_Bunawan_Dalipuga,193,38201.0,192.84430191,27,44.646995
38,2000,500,3,26,R26_Dalipuga_Tibanga,25,642.0,24.99982446,27,44.646995
38,2000,500,3,27,R27_Bonbonon_Palao,200,41093.0,200.01076422,27,44.646995
38,2000,500,3,28,R28_MariaCristina_Tipanoy,48,2396.0,48.29618785,27,44.646995
38,2000,500,3,29,R29_Buruun_Tominobo,1,0.0,0.98666437,27,44.646995
38,2000,500,3,30,R30_Tambacan_Luinab,20,433.0,20.53115555,27,44.646995
38,2000,500,3,31,R31_Center_Kiwalan,23,525.0,22.60732079,27,44.646995
38,2000,500,3,32,R32_Suarez_Tibanga,13,176.0,13.08958203,27,44.646995
38,2000,500,3,33,R33_Ditucalan_Palao,74,5570.0,73.63716208,27,44.646995
38,2000,500,3,34,R34_UpperTominobo_Palao,73,5552.0,73.51808295,27,44.646995
38,2000,500,3,35,R35_Buruun_Tipanoy,20,418.0,20.17240069,27,44.646995
38,2000,500,3,36,R36_Tubod_Kiwalan,128,16837.0,128.02706843,27,44.646995
38,2000,500,3,37,R37_Palao_SantaFilomena,1,0.0,0.98666437,27,44.646995
38,2000,500,4,0,R00_Tubod_Tibanga,8,60.0,7.95567350,29,43.269684
38,2000,500,4,1,R01_Tubod_Tominobo,26,664.0,26.46582069,29,43.269684
38,2000,500,4,2,R02_Palao_Kiwalan,62,3667.0,62.19518744,29,43.269684
38,2000,500,4,3,R03_Buruun_Palao,139,18342.0,139.09921228,29,43.269684
38,2000,500,4,4,R04_Tambacan_Tibanga,1,0.0,1.02707303,29,43.269684
38,2000,500,4,5,R05_Tubod_Tipanoy,24,569.0,24.49951343,29,43.269684
38,2000,500,4,6,R06_MariaCristina_Tubod,1,0.0,1.02707303,29,43.269684
38,2000,500,4,7,R07_Palao_Luinab,38,1375.0,38.08488733,29,43.269684
38,2000,500,4,8,R08_Dalipuga_Palao,142,19043.0,141.73235709,29,43.269684
38,2000,500,4,9,R09_Buruun_Tubod,23,490.0,22.73523073,29,43.269684
38,2000,500,4,10,R10_Tominobo_Tibanga,1,0.0,1.02707303,29,43.269684
38,2000,500,4,11,R11_Tipanoy_Palao,137,17887.0,137.36309878,29,43.269684
38,2000,500,4,12,R12_Luinab_Tibanga,19,341.0,18.96612094,29,43.269684
38,2000,500,4,13,R13_Bonbonon_Kiwalan,117,13036.0,117.26637546,29,43.269684
38,2000,500,4,14,R14_Ditucalan_Tubod,72,4935.0,72.15142361,29,43.269684
38,2000,500,4,15,R15_VillaVerde_Palao,11,105.0,10.52436679,29,43.269684
38,2000,500,4,16,R16_UpperTominobo_Tubod,14,179.0,13.74130064,29,43.269684
38,2000,500,4,17,R17_BagongSilang_Palao,5,26.0,5.23706543,29,43.269684
38,2000,500,4,18,R18_SanMiguel_Tibanga,1,0.0,1.02707303,29,43.269684
38,2000,500,4,19,R19_DelCarmen_Luinab,1,0.0,1.02707303,29,43.269684
38,2000,500,4,20,R20_Pugaan_Tibanga,80,6002.0,79.56999332,29,43.269684
38,2000,500,4,21,R21_Abuno_Tubod,34,1088.0,33.87784477,29,43.269684
38,2000,500,4,22,R22_SantaFilomena_Tibanga,9,83.0,9.35708064,29,43.269684
38,2000,500,4,23,R23_Acmac_Kiwalan,1,0.0,1.02707303,29,43.269684
38,2000,500,4,24,R24_Kabacsanan_Kiwalan,210,41721.0,209.78705228,29,43.269684
38,2000,500,4,25,R25_Bunawan_Dalipuga,179,30264.0,178.67528774,29,43.269684
38,2000,500,4,26,R26_Dalipuga_Tibanga,22,465.0,22.14765769,29,43.269684
38,2000,500,4,27,R27_Bonbonon_Palao,201,38294.0,200.98640980,29,43.269684
38,2000,500,4,28,R28_MariaCristina_Tipanoy,47,2051.0,46.51405009,29,43.269684
38,2000,500,4,29,R29_Buruun_Tominobo,1,0.0,1.02707303,29,43.269684
38,2000,500,4,30,R30_Tambacan_Luinab,24,544.0,23.95525377,29,43.269684
38,2000,500,4,31,R31_Center_Kiwalan,36,1222.0,35.90351172,29,43.269684
38,2000,500,4,32,R32_Suarez_Tibanga,17,278.0,17.12472965,29,43.269684
38,2000,500,4,33,R33_Ditucalan_Palao,80,6050.0,79.88753363,29,43.269684
38,2000,500,4,34,R34_UpperTominobo_Palao,64,3921.0,64.31314492,29,43.269684
38,2000,500,4,35,R35_Buruun_Tipanoy,26,618.0,25.53263069,29,43.269684
38,2000,500,4,36,R36_Tubod_Kiwalan,126,15082.0,126.13360089,29,43.269684
38,2000,500,4,37,R37_Palao_SantaFilomena,1,0.0,1.02707303,29,43.269684
38,2000,500,5,0,R00_Tubod_Tibanga,10,102.0,10.19360549,39,44.190898
38,2000,500,5,1,R01_Tubod_Tominobo,30,866.0,29.70206757,39,44.190898
38,2000,500,5,2,R02_Palao_Kiwalan,65,4177.0,65.23189174,39,44.190898
38,2000,500,5,3,R03_Buruun_Palao,124,15136.0,124.17475027,39,44.190898
38,2000,500,5,4,R04_Tambacan_Tibanga,1,0.0,1.00931734,39,44.190898
38,2000,500,5,5,R05_Tubod_Tipanoy,26,686.0,26.43563784,39,44.190898
38,2000,500,5,6,R06_MariaCristina_Tubod,1,0.0,1.00931734,39,44.190898
38,2000,500,5,7,R07_Palao_Luinab,23,520.0,23.01597661,39,44.190898
38,2000,500,5,8,R08_Dalipuga_Palao,150,22051.0,149.87937739,39,44.190898
38,2000,500,5,9,R09_Buruun_Tubod,23,499.0,22.54644158,39,44.190898
38,2000,500,5,10,R10_Tominobo_Tibanga,16,262.0,16.33722843,39,44.190898
38,2000,500,5,11,R11_Tipanoy_Palao,141,19492.0,140.91458212,39,44.190898
38,2000,500,5,12,R12_Luinab_Tibanga,21,432.0,20.97826703,39,44.190898
38,2000,500,5,13,R13_Bonbonon_Kiwalan,105,10914.0,105.44347508,39,44.190898
38,2000,500,5,14,R14_Ditucalan_Tubod,67,4388.0,66.85917990,39,44.190898
38,2000,500,5,15,R15_VillaVerde_Palao,9,76.0,8.79902460,39,44.190898
38,2000,500,5,16,R16_UpperTominobo_Tubod,22,472.0,21.92798548,39,44.190898
38,2000,500,5,17,R17_BagongSilang_Palao,1,0.0,1.00931734,39,44.190898
38,2000,500,5,18,R18_SanMiguel_Tibanga,1,0.0,1.00931734,39,44.190898
38,2000,500,5,19,R19_DelCarmen_Luinab,1,0.0,1.00931734,39,44.190898
38,2000,500,5,20,R20_Pugaan_Tibanga,83,6727.0,82.78248318,39,44.190898
38,2000,500,5,21,R21_Abuno_Tubod,37,1369.0,37.34474169,39,44.190898
38,2000,500,5,22,R22_SantaFilomena_Tibanga,11,109.0,10.53758242,39,44.190898
38,2000,500,5,23,R23_Acmac_Kiwalan,1,0.0,1.00931734,39,44.190898
38,2000,500,5,24,R24_Kabacsanan_Kiwalan,207,42100.0,207.09460422,39,44.190898
38,2000,500,5,25,R25_Bunawan_Dalipuga,178,31189.0,178.24955771,39,44.190898
38,2000,500,5,26,R26_Dalipuga_Tibanga,32,1018.0,32.20339246,39,44.190898
38,2000,500,5,27,R27_Bonbonon_Palao,200,39071.0,199.50555801,39,44.190898
38,2000,500,5,28,R28_MariaCristina_Tipanoy,48,2224.0,47.59870390,39,44.190898
38,2000,500,5,29,R29_Buruun_Tominobo,1,0.0,1.00931734,39,44.190898
38,2000,500,5,30,R30_Tambacan_Luinab,23,504.0,22.65911815,39,44.190898
38,2000,500,5,31,R31_Center_Kiwalan,36,1249.0,35.67048012,39,44.190898
38,2000,500,5,32,R32_Suarez_Tibanga,34,1141.0,34.09341916,39,44.190898
38,2000,500,5,33,R33_Ditucalan_Palao,68,4505.0,67.74467028,39,44.190898
38,2000,500,5,34,R34_UpperTominobo_Palao,66,4330.0,66.41584216,39,44.190898
38,2000,500,5,35,R35_Buruun_Tipanoy,18,335.0,18.47354059,39,44.190898
38,2000,500,5,36,R36_Tubod_Kiwalan,119,13927.0,119.11227608,39,44.190898
38,2000,500,5,37,R37_Palao_SantaFilomena,1,0.0,1.00931734,39,44.190898
38,2000,500,6,0,R00_Tubod_Tibanga,6,35.0,5.94730032,31,45.299943
38,2000,500,6,1,R01_Tubod_Tominobo,35,1204.0,34.88181634,31,45.299943
38,2000,500,6,2,R02_Palao_Kiwalan,70,4800.0,69.64764983,31,45.299943
38,2000,500,6,3,R03_Buruun_Palao,126,15681.0,125.88463500,31,45.299943
38,2000,500,6,4,R04_Tambacan_Tibanga,1,0.0,1.00527723,31,45.299943
38,2000,500,6,5,R05_Tubod_Tipanoy,34,1173.0,34.42982804,31,45.299943
38,2000,500,6,6,R06_MariaCristina_Tubod,1,0.0,1.00527723,31,45.299943
38,2000,500,6,7,R07_Palao_Luinab,30,914.0,30.39197655,31,45.299943
38,2000,500,6,8,R08_Dalipuga_Palao,142,19883.0,141.75121949,31,45.299943
38,2000,500,6,9,R09_Buruun_Tubod,20,410.0,20.35531258,31,45.299943
38,2000,500,6,10,R10_Tominobo_Tibanga,10,101.0,10.10291117,31,45.299943
38,2000,500,6,11,R11_Tipanoy_Palao,137,18557.0,136.94296650,31,45.299943
38,2000,500,6,12,R12_Luinab_Tibanga,19,357.0,18.99415404,31,45.299943
38,2000,500,6,13,R13_Bonbonon_Kiwalan,108,11483.0,107.72426262,31,45.299943
38,2000,500,6,14,R14_Ditucalan_Tubod,72,5151.0,72.14921704,31,45.299943
38,2000,500,6,15,R15_VillaVerde_Palao,14,199.0,14.18118053,31,45.299943
38,2000,500,6,16,R16_UpperTominobo_Tubod,19,363.0,19.15310370,31,45.299943
38,2000,500,6,17,R17_BagongSilang_Palao,1,0.0,1.00527723,31,45.299943
38,2000,500,6,18,R18_SanMiguel_Tibanga,8,64.0,8.04221788,31,45.299943
38,2000,500,6,19,R19_DelCarmen_Luinab,1,0.0,1.00527723,31,45.299943
38,2000,500,6,20,R20_Pugaan_Tibanga,73,5307.0,73.23360131,31,45.299943
38,2000,500,6,21,R21_Abuno_Tubod,32,1041.0,32.43479911,31,45.299943
38,2000,500,6,22,R22_SantaFilomena_Tibanga,1,0.0,1.00527723,31,45.299943
38,2000,500,6,23,R23_Acmac_Kiwalan,1,0.0,1.00527723,31,45.299943
38,2000,500,6,24,R24_Kabacsanan_Kiwalan,229,51857.0,228.92305970,31,45.299943
38,2000,500,6,25,R25_Bunawan_Dalipuga,167,27473.0,166.62451207,31,45.299943
38,2000,500,6,26,R26_Dalipuga_Tibanga,22,499.0,22.45619239,31,45.299943
38,2000,500,6,27,R27_Bonbonon_Palao,199,39119.0,198.82899612,31,45.299943
38,2000,500,6,28,R28_MariaCristina_Tipanoy,30,880.0,29.82134202,31,45.299943
38,2000,500,6,29,R29_Buruun_Tominobo,1,0.0,1.00527723,31,45.299943
38,2000,500,6,30,R30_Tambacan_Luinab,27,697.0,26.54008055,31,45.299943
38,2000,500,6,31,R31_Center_Kiwalan,36,1267.0,35.78278632,31,45.299943
38,2000,500,6,32,R32_Suarez_Tibanga,23,535.0,23.25212980,31,45.299943
38,2000,500,6,33,R33_Ditucalan_Palao,69,4756.0,69.32769652,31,45.299943
38,2000,500,6,34,R34_UpperTominobo_Palao,79,6119.0,78.63684381,31,45.299943
38,2000,500,6,35,R35_Buruun_Tipanoy,35,1198.0,34.79479296,31,45.299943
38,2000,500,6,36,R36_Tubod_Kiwalan,121,14421.0,120.72119784,31,45.299943
38,2000,500,6,37,R37_Palao_SantaFilomena,1,0.0,1.00527723,31,45.299943
38,2000,1000,0,0,R00_Tubod_Tibanga,10,212.0,10.44190874,67,88.056821
38,2000,1000,0,1,R01_Tubod_Tominobo,26,1370.0,26.54435924,67,88.056821
38,2000,1000,0,2,R02_Palao_Kiwalan,62,7376.0,61.59173198,67,88.056821
38,2000,1000,0,3,R03_Buruun_Palao,129,32143.0,128.57459557,67,88.056821
38,2000,1000,0,4,R04_Tambacan_Tibanga,5,58.0,5.46167633,67,88.056821
38,2000,1000,0,5,R05_Tubod_Tipanoy,37,2719.0,37.39526081,67,88.056821
38,2000,1000,0,6,R06_MariaCristina_Tubod,1,0.0,0.71715324,67,88.056821
38,2000,1000,0,7,R07_Palao_Luinab,32,1941.0,31.59546348,67,88.056821
38,2000,1000,0,8,R08_Dalipuga_Palao,140,37907.0,139.62772771,67,88.056821
38,2000,1000,0,9,R09_Buruun_Tubod,33,2120.0,33.02021474,67,88.056821
38,2000,1000,0,10,R10_Tominobo_Tibanga,12,295.0,12.31751134,67,88.056821
38,2000,1000,0,11,R11_Tipanoy_Palao,142,39331.0,142.22615099,67,88.056821
38,2000,1000,0,12,R12_Luinab_Tibanga,17,540.0,16.66513525,67,88.056821
38,2000,1000,0,13,R13_Bonbonon_Kiwalan,103,20700.0,103.18038297,67,88.056821
38,2000,1000,0,14,R14_Ditucalan_Tubod,73,10385.0,73.08280592,67,88.056821
38,2000,1000,0,15,R15_VillaVerde_Palao,8,138.0,8.42464299,67,88.056821
38,2000,1000,0,16,R16_UpperTominobo_Tubod,25,1172.0,24.55137211,67,88.056821
38,2000,1000,0,17,R17_BagongSilang_Palao,4,32.0,4.05683133,67,88.056821
38,2000,1000,0,18,R18_SanMiguel_Tibanga,3,16.0,2.86861295,67,88.056821
38,2000,1000,0,19,R19_DelCarmen_Luinab,1,0.0,0.71715324,67,88.056821
38,2000,1000,0,20,R20_Pugaan_Tibanga,69,9328.0,69.26378677,67,88.056821
38,2000,1000,0,21,R21_Abuno_Tubod,32,2026.0,32.27986303,67,88.056821
38,2000,1000,0,22,R22_SantaFilomena_Tibanga,1,0.0,0.71715324,67,88.056821
38,2000,1000,0,23,R23_Acmac_Kiwalan,1,0.0,0.71715324,67,88.056821
38,2000,1000,0,24,R24_Kabacsanan_Kiwalan,224,97622.0,224.07108299,67,88.056821
38,2000,1000,0,25,R25_Bunawan_Dalipuga,174,59021.0,174.22691412,67,88.056821
38,2000,1000,0,26,R26_Dalipuga_Tibanga,25,1205.0,24.89461913,67,88.056821
38,2000,1000,0,27,R27_Bonbonon_Palao,195,74186.0,195.33179470,67,88.056821
38,2000,1000,0,28,R28_MariaCristina_Tipanoy,46,4175.0,46.33831129,67,88.056821
38,2000,1000,0,29,R29_Buruun_Tominobo,1,0.0,0.71715324,67,88.056821
38,2000,1000,0,30,R30_Tambacan_Luinab,22,965.0,22.27797024,67,88.056821
38,2000,1000,0,31,R31_Center_Kiwalan,26,1367.0,26.51528015,67,88.056821
38,2000,1000,0,32,R32_Suarez_Tibanga,27,1375.0,26.59275374,67,88.056821
38,2000,1000,0,33,R33_Ditucalan_Palao,72,9957.0,71.56096960,67,88.056821
38,2000,1000,0,34,R34_UpperTominobo_Palao,58,6595.0,58.23973131,67,88.056821
38,2000,1000,0,35,R35_Buruun_Tipanoy,32,1957.0,31.72541966,67,88.056821
38,2000,1000,0,36,R36_Tubod_Kiwalan,131,33241.0,130.75219940,67,88.056821
38,2000,1000,0,37,R37_Palao_SantaFilomena,1,0.0,0.71715324,67,88.056821
38,2000,1000,1,0,R00_Tubod_Tibanga,14,420.0,14.54956838,68,91.408959
38,2000,1000,1,1,R01_Tubod_Tominobo,30,1755.0,29.74157922,68,91.408959
38,2000,1000,1,2,R02_Palao_Kiwalan,69,9513.0,69.24432930,68,91.408959
38,2000,1000,1,3,R03_Buruun_Palao,122,29813.0,122.58245213,68,91.408959
38,2000,1000,1,4,R04_Tambacan_Tibanga,4,26.0,3.62002974,68,91.408959
38,2000,1000,1,5,R05_Tubod_Tipanoy,28,1534.0,27.80597606,68,91.408959
38,2000,1000,1,6,R06_MariaCristina_Tubod,1,0.0,0.70994624,68,91.408959
38,2000,1000,1,7,R07_Palao_Luinab,38,2842.0,37.84752648,68,91.408959
38,2000,1000,1,8,R08_Dalipuga_Palao,134,35727.0,134.19110825,68,91.408959
38,2000,1000,1,9,R09_Buruun_Tubod,32,1992.0,31.68619800,68,91.408959
38,2000,1000,1,10,R10_Tominobo_Tibanga,13,354.0,13.35755883,68,91.408959
38,2000,1000,1,11,R11_Tipanoy_Palao,130,33754.0,130.43318152,68,91.408959
38,2000,1000,1,12,R12_Luinab_Tibanga,13,344.0,13.16754120,68,91.408959
38,2000,1000,1,13,R13_Bonbonon_Kiwalan,110,24149.0,110.32528053,68,91.408959
38,2000,1000,1,14,R14_Ditucalan_Tubod,66,8639.0,65.98682031,68,91.408959
38,2000,1000,1,15,R15_VillaVerde_Palao,12,290.0,12.08994885,68,91.408959
38,2000,1000,1,16,R16_UpperTominobo_Tubod,23,1079.0,23.32041029,68,91.408959
38,2000,1000,1,17,R17_BagongSilang_Palao,1,0.0,0.70994624,68,91.408959
38,2000,1000,1,18,R18_SanMiguel_Tibanga,8,120.0,7.77707143,68,91.408959
38,2000,1000,1,19,R19_DelCarmen_Luinab,1,0.0,0.70994624,68,91.408959
38,2000,1000,1,20,R20_Pugaan_Tibanga,77,11941.0,77.57929235,68,91.408959
38,2000,1000,1,21,R21_Abuno_Tubod,32,2035.0,32.02636666,68,91.408959
38,2000,1000,1,22,R22_SantaFilomena_Tibanga,1,0.0,0.70994624,68,91.408959
38,2000,1000,1,23,R23_Acmac_Kiwalan,1,0.0,0.70994624,68,91.408959
38,2000,1000,1,24,R24_Kabacsanan_Kiwalan,228,102897.0,227.73344773,68,91.408959
38,2000,1000,1,25,R25_Bunawan_Dalipuga,176,61397.0,175.91344762,68,91.408959
38,2000,1000,1,26,R26_Dalipuga_Tibanga,29,1638.0,28.73309530,68,91.408959
38,2000,1000,1,27,R27_Bonbonon_Palao,196,76339.0,196.15469069,68,91.408959
38,2000,1000,1,28,R28_MariaCristina_Tipanoy,41,3297.0,40.76476455,68,91.408959
38,2000,1000,1,29,R29_Buruun_Tominobo,1,0.0,0.70994624,68,91.408959
38,2000,1000,1,30,R30_Tambacan_Luinab,31,1969.0,31.50273955,68,91.408959
38,2000,1000,1,31,R31_Center_Kiwalan,33,2231.0,33.53321935,68,91.408959
38,2000,1000,1,32,R32_Suarez_Tibanga,24,1146.0,24.03354160,68,91.408959
38,2000,1000,1,33,R33_Ditucalan_Palao,74,10795.0,73.76269708,68,91.408959
38,2000,1000,1,34,R34_UpperTominobo_Palao,66,8632.0,65.96008103,68,91.408959
38,2000,1000,1,35,R35_Buruun_Tipanoy,18,634.0,17.87598961,68,91.408959
38,2000,1000,1,36,R36_Tubod_Kiwalan,122,29400.0,121.73042264,68,91.408959
38,2000,1000,1,37,R37_Palao_SantaFilomena,1,0.0,0.70994624,68,91.408959
38,2000,1000,2,0,R00_Tubod_Tibanga,13,325.0,12.97165046,68,89.148953
38,2000,1000,2,1,R01_Tubod_Tominobo,24,1094.0,23.79919228,68,89.148953
38,2000,1000,2,2,R02_Palao_Kiwalan,66,8458.0,66.17400154,68,89.148953
38,2000,1000,2,3,R03_Buruun_Palao,128,31435.0,127.57344670,68,89.148953
38,2000,1000,2,4,R04_Tambacan_Tibanga,1,0.0,0.71953771,68,89.148953
38,2000,1000,2,5,R05_Tubod_Tipanoy,31,1816.0,30.66277660,68,89.148953
38,2000,1000,2,6,R06_MariaCristina_Tubod,1,0.0,0.71953771,68,89.148953
38,2000,1000,2,7,R07_Palao_Luinab,27,1383.0,26.75867759,68,89.148953
38,2000,1000,2,8,R08_Dalipuga_Palao,144,39834.0,143.60862246,68,89.148953
38,2000,1000,2,9,R09_Buruun_Tubod,22,898.0,21.56213323,68,89.148953
38,2000,1000,2,10,R10_Tominobo_Tibanga,8,137.0,8.42197292,68,89.148953
38,2000,1000,2,11,R11_Tipanoy_Palao,138,36710.0,137.86237282,68,89.148953
38,2000,1000,2,12,R12_Luinab_Tibanga,19,738.0,19.54707313,68,89.148953
38,2000,1000,2,13,R13_Bonbonon_Kiwalan,108,22654.0,108.29938862,68,89.148953
38,2000,1000,2,14,R14_Ditucalan_Tubod,77,11494.0,77.14169074,68,89.148953
38,2000,1000,2,15,R15_VillaVerde_Palao,13,313.0,12.72992150,68,89.148953
38,2000,1000,2,16,R16_UpperTominobo_Tubod,16,529.0,16.54936722,68,89.148953
38,2000,1000,2,17,R17_BagongSilang_Palao,8,127.0,8.10877813,68,89.148953
38,2000,1000,2,18,R18_SanMiguel_Tibanga,6,78.0,6.35478495,68,89.148953
38,2000,1000,2,19,R19_DelCarmen_Luinab,1,0.0,0.71953771,68,89.148953
38,2000,1000,2,20,R20_Pugaan_Tibanga,67,8557.0,66.56015472,68,89.148953
38,2000,1000,2,21,R21_Abuno_Tubod,29,1615.0,28.91610680,68,89.148953
38,2000,1000,2,22,R22_SantaFilomena_Tibanga,10,214.0,10.52592918,68,89.148953
38,2000,1000,2,23,R23_Acmac_Kiwalan,1,0.0,0.71953771,68,89.148953
38,2000,1000,2,24,R24_Kabacsanan_Kiwalan,220,93853.0,220.43352038,68,89.148953
38,2000,1000,2,25,R25_Bunawan_Dalipuga,166,53306.0,166.12752859,68,89.148953
38,2000,1000,2,26,R26_Dalipuga_Tibanga,18,658.0,18.45722913,68,89.148953
38,2000,1000,2,27,R27_Bonbonon_Palao,210,84903.0,209.65975543,68,89.148953
38,2000,1000,2,28,R28_MariaCristina_Tipanoy,43,3602.0,43.18425295,68,89.148953
38,2000,1000,2,29,R29_Buruun_Tominobo,1,0.0,0.71953771,68,89.148953
38,2000,1000,2,30,R30_Tambacan_Luinab,22,917.0,21.78904645,68,89.148953
38,2000,1000,2,31,R31_Center_Kiwalan,29,1665.0,29.36031264,68,89.148953
38,2000,1000,2,32,R32_Suarez_Tibanga,26,1350.0,26.43750343,68,89.148953
38,2000,1000,2,33,R33_Ditucalan_Palao,77,11371.0,76.72782485,68,89.148953
38,2000,1000,2,34,R34_UpperTominobo_Palao,72,10094.0,72.29116224,68,89.148953
38,2000,1000,2,35,R35_Buruun_Tipanoy,35,2403.0,35.27202895,68,89.148953
38,2000,1000,2,36,R36_Tubod_Kiwalan,122,28661.0,121.81456716,68,89.148953
38,2000,1000,2,37,R37_Palao_SantaFilomena,1,0.0,0.71953771,68,89.148953
38,2000,1000,3,0,R00_Tubod_Tibanga,11,228.0,10.84234895,76,89.057490
38,2000,1000,3,1,R01_Tubod_Tominobo,27,1414.0,27.00105055,76,89.057490
38,2000,1000,3,2,R02_Palao_Kiwalan,70,9421.0,69.69545522,76,89.057490
38,2000,1000,3,3,R03_Buruun_Palao,120,28142.0,120.45738657,76,89.057490
38,2000,1000,3,4,R04_Tambacan_Tibanga,3,15.0,2.78100383,76,89.057490
38,2000,1000,3,5,R05_Tubod_Tipanoy,36,2483.0,35.78032796,76,89.057490
38,2000,1000,3,6,R06_MariaCristina_Tubod,1,0.0,0.71805210,76,89.057490
38,2000,1000,3,7,R07_Palao_Luinab,27,1456.0,27.39912191,76,89.057490
38,2000,1000,3,8,R08_Dalipuga_Palao,139,37655.0,139.33726547,76,89.057490
38,2000,1000,3,9,R09_Buruun_Tubod,27,1468.0,27.51179869,76,89.057490
38,2000,1000,3,10,R10_Tominobo_Tibanga,11,236.0,11.03092568,76,89.057490
38,2000,1000,3,11,R11_Tipanoy_Palao,129,32416.0,129.28128764,76,89.057490
38,2000,1000,3,12,R12_Luinab_Tibanga,18,639.0,18.15124364,76,89.057490
38,2000,1000,3,13,R13_Bonbonon_Kiwalan,114,25338.0,114.29891902,76,89.057490
38,2000,1000,3,14,R14_Ditucalan_Tubod,72,10007.0,71.83033751,76,89.057490
38,2000,1000,3,15,R15_VillaVerde_Palao,10,181.0,9.66040301,76,89.057490
38,2000,1000,3,16,R16_UpperTominobo_Tubod,25,1178.0,24.64498751,76,89.057490
38,2000,1000,3,17,R17_BagongSilang_Palao,5,52.0,5.17794734,76,89.057490
38,2000,1000,3,18,R18_SanMiguel_Tibanga,1,0.0,0.71805210,76,89.057490
38,2000,1000,3,19,R19_DelCarmen_Luinab,1,0.0,0.71805210,76,89.057490
38,2000,1000,3,20,R20_Pugaan_Tibanga,75,10949.0,75.13515472,76,89.057490
38,2000,1000,3,21,R21_Abuno_Tubod,38,2874.0,38.49455815,76,89.057490
38,2000,1000,3,22,R22_SantaFilomena_Tibanga,1,0.0,0.71805210,76,89.057490
38,2000,1000,3,23,R23_Acmac_Kiwalan,1,0.0,0.71805210,76,89.057490
38,2000,1000,3,24,R24_Kabacsanan_Kiwalan,219,93421.0,219.47154102,76,89.057490
38,2000,1000,3,25,R25_Bunawan_Dalipuga,181,63778.0,181.33907883,76,89.057490
38,2000,1000,3,26,R26_Dalipuga_Tibanga,27,1378.0,26.65511533,76,89.057490
38,2000,1000,3,27,R27_Bonbonon_Palao,197,75639.0,197.48260457,76,89.057490
38,2000,1000,3,28,R28_MariaCristina_Tipanoy,43,3567.0,42.88520711,76,89.057490
38,2000,1000,3,29,R29_Buruun_Tominobo,1,0.0,0.71805210,76,89.057490
38,2000,1000,3,30,R30_Tambacan_Luinab,28,1514.0,27.93951705,76,89.057490
38,2000,1000,3,31,R31_Center_Kiwalan,27,1369.0,26.56792773,76,89.057490
38,2000,1000,3,32,R32_Suarez_Tibanga,10,201.0,10.18014552,76,89.057490
38,2000,1000,3,33,R33_Ditucalan_Palao,78,11697.0,77.65925181,76,89.057490
38,2000,1000,3,34,R34_UpperTominobo_Palao,73,10390.0,73.19201961,76,89.057490
38,2000,1000,3,35,R35_Buruun_Tipanoy,35,2353.0,34.83107840,76,89.057490
38,2000,1000,3,36,R36_Tubod_Kiwalan,118,27124.0,118.25862497,76,89.057490
38,2000,1000,3,37,R37_Palao_SantaFilomena,1,0.0,0.71805210,76,89.057490
38,2000,1000,4,0,R00_Tubod_Tibanga,11,229.0,10.80417022,59,92.408041
38,2000,1000,4,1,R01_Tubod_Tominobo,24,1123.0,23.92563952,59,92.408041
38,2000,1000,4,2,R02_Palao_Kiwalan,71,9902.0,71.04526490,59,92.408041
38,2000,1000,4,3,R03_Buruun_Palao,120,28266.0,120.03443545,59,92.408041
38,2000,1000,4,4,R04_Tambacan_Tibanga,3,22.0,3.34876766,59,92.408041
38,2000,1000,4,5,R05_Tubod_Tipanoy,30,1821.0,30.46692685,59,92.408041
38,2000,1000,4,6,R06_MariaCristina_Tubod,1,0.0,0.71395966,59,92.408041
38,2000,1000,4,7,R07_Palao_Luinab,30,1773.0,30.06270427,59,92.408041
38,2000,1000,4,8,R08_Dalipuga_Palao,144,40630.0,143.91202628,59,92.408041
38,2000,1000,4,9,R09_Buruun_Tubod,22,935.0,21.83129420,59,92.408041
38,2000,1000,4,10,R10_Tominobo_Tibanga,11,249.0,11.26609348,59,92.408041
38,2000,1000,4,11,R11_Tipanoy_Palao,137,37010.0,137.35144080,59,92.408041
38,2000,1000,4,12,R12_Luinab_Tibanga,15,444.0,15.04406364,59,92.408041
38,2000,1000,4,13,R13_Bonbonon_Kiwalan,107,22587.0,107.30079825,59,92.408041
38,2000,1000,4,14,R14_Ditucalan_Tubod,69,9387.0,69.17307560,59,92.408041
38,2000,1000,4,15,R15_VillaVerde_Palao,12,281.0,11.96814485,59,92.408041
38,2000,1000,4,16,R16_UpperTominobo_Tubod,27,1404.0,26.75206006,59,92.408041
38,2000,1000,4,17,R17_BagongSilang_Palao,4,26.0,3.64049426,59,92.408041
38,2000,1000,4,18,R18_SanMiguel_Tibanga,6,80.0,6.38584937,59,92.408041
38,2000,1000,4,19,R19_DelCarmen_Luinab,1,0.0,0.71395966,59,92.408041
38,2000,1000,4,20,R20_Pugaan_Tibanga,72,10114.0,71.80177022,59,92.408041
38,2000,1000,4,21,R21_Abuno_Tubod,28,1520.0,27.83527209,59,92.408041
38,2000,1000,4,22,R22_SantaFilomena_Tibanga,11,259.0,11.49009340,59,92.408041
38,2000,1000,4,23,R23_Acmac_Kiwalan,1,0.0,0.71395966,59,92.408041
38,2000,1000,4,24,R24_Kabacsanan_Kiwalan,229,102551.0,228.63548051,59,92.408041
38,2000,1000,4,25,R25_Bunawan_Dalipuga,180,63245.0,179.55056471,59,92.408041
38,2000,1000,4,26,R26_Dalipuga_Tibanga,22,948.0,21.98253866,59,92.408041
38,2000,1000,4,27,R27_Bonbonon_Palao,201,79228.0,200.96157389,59,92.408041
38,2000,1000,4,28,R28_MariaCristina_Tipanoy,42,3537.0,42.46109667,59,92.408041
38,2000,1000,4,29,R29_Buruun_Tominobo,1,0.0,0.71395966,59,92.408041
38,2000,1000,4,30,R30_Tambacan_Luinab,26,1348.0,26.21311441,59,92.408041
38,2000,1000,4,31,R31_Center_Kiwalan,34,2302.0,34.25518652,59,92.408041
38,2000,1000,4,32,R32_Suarez_Tibanga,23,1060.0,23.24484259,59,92.408041
38,2000,1000,4,33,R33_Ditucalan_Palao,70,9716.0,70.37484154,59,92.408041
38,2000,1000,4,34,R34_UpperTominobo_Palao,66,8478.0,65.73858973,59,92.408041
38,2000,1000,4,35,R35_Buruun_Tipanoy,21,858.0,20.91304735,59,92.408041
38,2000,1000,4,36,R36_Tubod_Kiwalan,127,31472.0,126.65893973,59,92.408041
38,2000,1000,4,37,R37_Palao_SantaFilomena,1,0.0,0.71395966,59,92.408041
38,2000,1000,5,0,R00_Tubod_Tibanga,9,180.0,9.50331436,60,87.056622
38,2000,1000,5,1,R01_Tubod_Tominobo,31,1933.0,31.14259301,60,87.056622
38,2000,1000,5,2,R02_Palao_Kiwalan,67,8898.0,66.81670327,60,87.056622
38,2000,1000,5,3,R03_Buruun_Palao,118,27984.0,118.49328487,60,87.056622
38,2000,1000,5,4,R04_Tambacan_Tibanga,4,26.0,3.61181516,60,87.056622
38,2000,1000,5,5,R05_Tubod_Tipanoy,36,2554.0,35.79721907,60,87.056622
38,2000,1000,5,6,R06_MariaCristina_Tubod,1,0.0,0.70833523,60,87.056622
38,2000,1000,5,7,R07_Palao_Luinab,27,1484.0,27.28700017,60,87.056622
38,2000,1000,5,8,R08_Dalipuga_Palao,143,41023.0,143.46717661,60,87.056622
38,2000,1000,5,9,R09_Buruun_Tubod,29,1715.0,29.33397417,60,87.056622
38,2000,1000,5,10,R10_Tominobo_Tibanga,16,541.0,16.47545721,60,87.056622
38,2000,1000,5,11,R11_Tipanoy_Palao,134,35767.0,133.96153043,60,87.056622
38,2000,1000,5,12,R12_Luinab_Tibanga,18,614.0,17.55185525,60,87.056622
38,2000,1000,5,13,R13_Bonbonon_Kiwalan,111,24683.0,111.28530354,60,87.056622
38,2000,1000,5,14,R14_Ditucalan_Tubod,75,11304.0,75.31039362,60,87.056622
38,2000,1000,5,15,R15_VillaVerde_Palao,14,367.0,13.56975089,60,87.056622
38,2000,1000,5,16,R16_UpperTominobo_Tubod,38,2908.0,38.19759716,60,87.056622
38,2000,1000,5,17,R17_BagongSilang_Palao,1,0.0,0.70833523,60,87.056622
38,2000,1000,5,18,R18_SanMiguel_Tibanga,4,32.0,4.00694916,60,87.056622
38,2000,1000,5,19,R19_DelCarmen_Luinab,1,0.0,0.70833523,60,87.056622
38,2000,1000,5,20,R20_Pugaan_Tibanga,72,10327.0,71.98233520,60,87.056622
38,2000,1000,5,21,R21_Abuno_Tubod,27,1492.0,27.36045118,60,87.056622
38,2000,1000,5,22,R22_SantaFilomena_Tibanga,1,0.0,0.70833523,60,87.056622
38,2000,1000,5,23,R23_Acmac_Kiwalan,1,0.0,0.70833523,60,87.056622
38,2000,1000,5,24,R24_Kabacsanan_Kiwalan,222,97914.0,221.64668461,60,87.056622
38,2000,1000,5,25,R25_Bunawan_Dalipuga,174,60160.0,173.73717555,60,87.056622
38,2000,1000,5,26,R26_Dalipuga_Tibanga,31,1923.0,31.06193347,60,87.056622
38,2000,1000,5,27,R27_Bonbonon_Palao,188,70730.0,188.38255035,60,87.056622
38,2000,1000,5,28,R28_MariaCristina_Tipanoy,34,2286.0,33.86701781,60,87.056622
38,2000,1000,5,29,R29_Buruun_Tominobo,1,0.0,0.70833523,60,87.056622
38,2000,1000,5,30,R30_Tambacan_Luinab,30,1770.0,29.80063212,60,87.056622
38,2000,1000,5,31,R31_Center_Kiwalan,24,1134.0,23.85312974,60,87.056622
38,2000,1000,5,32,R32_Suarez_Tibanga,14,410.0,14.34269527,60,87.056622
38,2000,1000,5,33,R33_Ditucalan_Palao,76,11366.0,75.51664183,60,87.056622
38,2000,1000,5,34,R34_UpperTominobo_Palao,72,10341.0,72.03111080,60,87.056622
38,2000,1000,5,35,R35_Buruun_Tipanoy,30,1832.0,30.31807184,60,87.056622
38,2000,1000,5,36,R36_Tubod_Kiwalan,125,31306.0,125.32930564,60,87.056622
38,2000,1000,5,37,R37_Palao_SantaFilomena,1,0.0,0.70833523,60,87.056622
38,2000,1000,6,0,R00_Tubod_Tibanga,8,136.0,8.40860657,52,86.185561
38,2000,1000,6,1,R01_Tubod_Tominobo,31,1850.0,31.01276176,52,86.185561
38,2000,1000,6,2,R02_Palao_Kiwalan,66,8497.0,66.46413972,52,86.185561
38,2000,1000,6,3,R03_Buruun_Palao,135,34880.0,134.66130437,52,86.185561
38,2000,1000,6,4,R04_Tambacan_Tibanga,1,0.0,0.72103207,52,86.185561
38,2000,1000,6,5,R05_Tubod_Tipanoy,32,1982.0,32.10010136,52,86.185561
38,2000,1000,6,6,R06_MariaCristina_Tubod,1,0.0,0.72103207,52,86.185561
38,2000,1000,6,7,R07_Palao_Luinab,34,2180.0,33.66532609,52,86.185561
38,2000,1000,6,8,R08_Dalipuga_Palao,144,39990.0,144.18838609,52,86.185561
38,2000,1000,6,9,R09_Buruun_Tubod,19,727.0,19.44114253,52,86.185561
38,2000,1000,6,10,R10_Tominobo_Tibanga,10,191.0,9.96486140,52,86.185561
38,2000,1000,6,11,R11_Tipanoy_Palao,140,37969.0,140.49768174,52,86.185561
38,2000,1000,6,12,R12_Luinab_Tibanga,15,411.0,14.61758035,52,86.185561
38,2000,1000,6,13,R13_Bonbonon_Kiwalan,105,21090.0,104.71113536,52,86.185561
38,2000,1000,6,14,R14_Ditucalan_Tubod,67,8678.0,67.16830696,52,86.185561
38,2000,1000,6,15,R15_VillaVerde_Palao,9,165.0,9.26182457,52,86.185561
38,2000,1000,6,16,R16_UpperTominobo_Tubod,34,2201.0,33.82708697,52,86.185561
38,2000,1000,6,17,R17_BagongSilang_Palao,4,32.0,4.07877330,52,86.185561
38,2000,1000,6,18,R18_SanMiguel_Tibanga,2,11.0,2.39139282,52,86.185561
38,2000,1000,6,19,R19_DelCarmen_Luinab,1,0.0,0.72103207,52,86.185561
38,2000,1000,6,20,R20_Pugaan_Tibanga,74,10682.0,74.52137603,52,86.185561
38,2000,1000,6,21,R21_Abuno_Tubod,30,1696.0,29.69391785,52,86.185561
38,2000,1000,6,22,R22_SantaFilomena_Tibanga,1,0.0,0.72103207,52,86.185561
38,2000,1000,6,23,R23_Acmac_Kiwalan,1,0.0,0.72103207,52,86.185561
38,2000,1000,6,24,R24_Kabacsanan_Kiwalan,226,98686.0,226.50737750,52,86.185561
38,2000,1000,6,25,R25_Bunawan_Dalipuga,196,73635.0,195.65760102,52,86.185561
38,2000,1000,6,26,R26_Dalipuga_Tibanga,16,465.0,15.54823354,52,86.185561
38,2000,1000,6,27,R27_Bonbonon_Palao,200,76832.0,199.85989178,52,86.185561
38,2000,1000,6,28,R28_MariaCristina_Tipanoy,27,1359.0,26.58057106,52,86.185561
38,2000,1000,6,29,R29_Buruun_Tominobo,1,0.0,0.72103207,52,86.185561
38,2000,1000,6,30,R30_Tambacan_Luinab,30,1753.0,30.18877821,52,86.185561
38,2000,1000,6,31,R31_Center_Kiwalan,28,1518.0,28.09250485,52,86.185561
38,2000,1000,6,32,R32_Suarez_Tibanga,20,795.0,20.33003578,52,86.185561
38,2000,1000,6,33,R33_Ditucalan_Palao,72,10063.0,72.32997501,52,86.185561
38,2000,1000,6,34,R34_UpperTominobo_Palao,72,9942.0,71.89380314,52,86.185561
38,2000,1000,6,35,R35_Buruun_Tipanoy,24,1114.0,24.06562661,52,86.185561
38,2000,1000,6,36,R36_Tubod_Kiwalan,123,29206.0,123.22267121,52,86.185561
38,2000,1000,6,37,R37_Palao_SantaFilomena,1,0.0,0.72103207,52,86.185561
38,2000,1500,0,0,R00_Tubod_Tibanga,12,388.0,11.61746714,93,130.093251
38,2000,1500,0,1,R01_Tubod_Tominobo,26,1993.0,26.32990180,93,130.093251
38,2000,1500,0,2,R02_Palao_Kiwalan,75,15982.0,74.56090200,93,130.093251
38,2000,1500,0,3,R03_Buruun_Palao,125,44916.0,124.99600325,93,130.093251
38,2000,1500,0,4,R04_Tambacan_Tibanga,5,85.0,5.43757240,93,130.093251
38,2000,1500,0,5,R05_Tubod_Tipanoy,32,3004.0,32.32552256,93,130.093251
38,2000,1500,0,6,R06_MariaCristina_Tubod,1,0.0,0.58978754,93,130.093251
38,2000,1500,0,7,R07_Palao_Luinab,31,2825.0,31.34763751,93,130.093251
38,2000,1500,0,8,R08_Dalipuga_Palao,137,54246.0,137.36606256,93,130.093251
38,2000,1500,0,9,R09_Buruun_Tubod,27,2102.0,27.04032741,93,130.093251
38,2000,1500,0,10,R10_Tominobo_Tibanga,7,134.0,6.82728432,93,130.093251
38,2000,1500,0,11,R11_Tipanoy_Palao,133,50518.0,132.56188296,93,130.093251
38,2000,1500,0,12,R12_Luinab_Tibanga,19,1009.0,18.73445972,93,130.093251
38,2000,1500,0,13,R13_Bonbonon_Kiwalan,116,38993.0,116.46325259,93,130.093251
38,2000,1500,0,14,R14_Ditucalan_Tubod,75,16102.0,74.84029681,93,130.093251
38,2000,1500,0,15,R15_VillaVerde_Palao,9,258.0,9.47339057,93,130.093251
38,2000,1500,0,16,R16_UpperTominobo_Tubod,28,2263.0,28.05678260,93,130.093251
38,2000,1500,0,17,R17_BagongSilang_Palao,4,58.0,4.49168805,93,130.093251
38,2000,1500,0,18,R18_SanMiguel_Tibanga,5,70.0,4.93451655,93,130.093251
38,2000,1500,0,19,R19_DelCarmen_Luinab,1,0.0,0.58978754,93,130.093251
38,2000,1500,0,20,R20_Pugaan_Tibanga,76,16534.0,75.83759582,93,130.093251
38,2000,1500,0,21,R21_Abuno_Tubod,32,2935.0,31.95211737,93,130.093251
38,2000,1500,0,22,R22_SantaFilomena_Tibanga,1,0.0,0.58978754,93,130.093251
38,2000,1500,0,23,R23_Acmac_Kiwalan,1,0.0,0.58978754,93,130.093251
38,2000,1500,0,24,R24_Kabacsanan_Kiwalan,223,143075.0,223.08864586,93,130.093251
38,2000,1500,0,25,R25_Bunawan_Dalipuga,181,94270.0,181.08494419,93,130.093251
38,2000,1500,0,26,R26_Dalipuga_Tibanga,28,2242.0,27.92629968,93,130.093251
38,2000,1500,0,27,R27_Bonbonon_Palao,203,118858.0,203.33390400,93,130.093251
38,2000,1500,0,28,R28_MariaCristina_Tipanoy,40,4707.0,40.46389539,93,130.093251
38,2000,1500,0,29,R29_Buruun_Tominobo,1,0.0,0.58978754,93,130.093251
38,2000,1500,0,30,R30_Tambacan_Luinab,22,1387.0,21.96513216,93,130.093251
38,2000,1500,0,31,R31_Center_Kiwalan,23,1541.0,23.15244757,93,130.093251
38,2000,1500,0,32,R32_Suarez_Tibanga,20,1108.0,19.63204181,93,130.093251
38,2000,1500,0,33,R33_Ditucalan_Palao,82,19528.0,82.41845580,93,130.093251
38,2000,1500,0,34,R34_UpperTominobo_Palao,62,11189.0,62.38658697,93,130.093251
38,2000,1500,0,35,R35_Buruun_Tipanoy,18,944.0,18.12097608,93,130.093251
38,2000,1500,0,36,R36_Tubod_Kiwalan,118,39821.0,117.69328126,93,130.093251
38,2000,1500,0,37,R37_Palao_SantaFilomena,1,0.0,0.58978754,93,130.093251
38,2000,1500,1,0,R00_Tubod_Tibanga,12,460.0,12.37203286,97,137.602050
38,2000,1500,1,1,R01_Tubod_Tominobo,27,2146.0,26.72249520,97,137.602050
38,2000,1500,1,2,R02_Palao_Kiwalan,66,13121.0,66.07628483,97,137.602050
38,2000,1500,1,3,R03_Buruun_Palao,127,48729.0,127.33737662,97,137.602050
38,2000,1500,1,4,R04_Tambacan_Tibanga,3,35.0,3.41268474,97,137.602050
38,2000,1500,1,5,R05_Tubod_Tipanoy,39,4589.0,39.07699666,97,137.602050
38,2000,1500,1,6,R06_MariaCristina_Tubod,1,0.0,0.57684901,97,137.602050
38,2000,1500,1,7,R07_Palao_Luinab,31,2959.0,31.37867720,97,137.602050
38,2000,1500,1,8,R08_Dalipuga_Palao,139,58412.0,139.41618264,97,137.602050
38,2000,1500,1,9,R09_Buruun_Tubod,25,1837.0,24.72388569,97,137.602050
38,2000,1500,1,10,R10_Tominobo_Tibanga,15,663.0,14.85316184,97,137.602050
38,2000,1500,1,11,R11_Tipanoy_Palao,128,48957.0,127.63493086,97,137.602050
38,2000,1500,1,12,R12_Luinab_Tibanga,18,965.0,17.91949662,97,137.602050
38,2000,1500,1,13,R13_Bonbonon_Kiwalan,103,31781.0,102.83617817,97,137.602050
38,2000,1500,1,14,R14_Ditucalan_Tubod,66,13324.0,66.58546866,97,137.602050
38,2000,1500,1,15,R15_VillaVerde_Palao,8,215.0,8.45826678,97,137.602050
38,2000,1500,1,16,R16_UpperTominobo_Tubod,33,3191.0,32.58558716,97,137.602050
38,2000,1500,1,17,R17_BagongSilang_Palao,4,62.0,4.54211362,97,137.602050
38,2000,1500,1,18,R18_SanMiguel_Tibanga,1,0.0,0.57684901,97,137.602050
38,2000,1500,1,19,R19_DelCarmen_Luinab,1,0.0,0.57684901,97,137.602050
38,2000,1500,1,20,R20_Pugaan_Tibanga,77,17699.0,76.74260083,97,137.602050
38,2000,1500,1,21,R21_Abuno_Tubod,30,2676.0,29.84043868,97,137.602050
38,2000,1500,1,22,R22_SantaFilomena_Tibanga,1,0.0,0.57684901,97,137.602050
38,2000,1500,1,23,R23_Acmac_Kiwalan,1,0.0,0.57684901,97,137.602050
38,2000,1500,1,24,R24_Kabacsanan_Kiwalan,212,134748.0,211.74994822,97,137.602050
38,2000,1500,1,25,R25_Bunawan_Dalipuga,179,96829.0,179.50017331,97,137.602050
38,2000,1500,1,26,R26_Dalipuga_Tibanga,29,2524.0,28.98056340,97,137.602050
38,2000,1500,1,27,R27_Bonbonon_Palao,209,131409.0,209.10995284,97,137.602050
38,2000,1500,1,28,R28_MariaCristina_Tipanoy,45,6012.0,44.72719211,97,137.602050
38,2000,1500,1,29,R29_Buruun_Tominobo,1,0.0,0.57684901,97,137.602050
38,2000,1500,1,30,R30_Tambacan_Luinab,28,2315.0,27.75477088,97,137.602050
38,2000,1500,1,31,R31_Center_Kiwalan,21,1363.0,21.29659033,97,137.602050
38,2000,1500,1,32,R32_Suarez_Tibanga,16,801.0,16.32594793,97,137.602050
38,2000,1500,1,33,R33_Ditucalan_Palao,80,19498.0,80.54844893,97,137.602050
38,2000,1500,1,34,R34_UpperTominobo_Palao,70,14877.0,70.35902788,97,137.602050
38,2000,1500,1,35,R35_Buruun_Tipanoy,28,2421.0,28.38308146,97,137.602050
38,2000,1500,1,36,R36_Tubod_Kiwalan,125,46740.0,124.71150001,97,137.602050
38,2000,1500,1,37,R37_Palao_SantaFilomena,1,0.0,0.57684901,97,137.602050
38,2000,1500,2,0,R00_Tubod_Tibanga,12,416.0,11.80748351,79,136.079180
38,2000,1500,2,1,R01_Tubod_Tominobo,23,1621.0,23.30784869,79,136.079180
38,2000,1500,2,2,R02_Palao_Kiwalan,69,14433.0,69.54869548,79,136.079180
38,2000,1500,2,3,R03_Buruun_Palao,128,49208.0,128.41877995,79,136.079180
38,2000,1500,2,4,R04_Tambacan_Tibanga,1,0.0,0.57890951,79,136.079180
38,2000,1500,2,5,R05_Tubod_Tipanoy,31,2806.0,30.66581532,79,136.079180
38,2000,1500,2,6,R06_MariaCristina_Tubod,1,0.0,0.57890951,79,136.079180
38,2000,1500,2,7,R07_Palao_Luinab,30,2702.0,30.09215949,79,136.079180
38,2000,1500,2,8,R08_Dalipuga_Palao,142,60103.0,141.92495251,79,136.079180
38,2000,1500,2,9,R09_Buruun_Tubod,33,3264.0,33.07392655,79,136.079180
38,2000,1500,2,10,R10_Tominobo_Tibanga,6,103.0,5.87528982,79,136.079180
38,2000,1500,2,11,R11_Tipanoy_Palao,132,52340.0,132.44255238,79,136.079180
38,2000,1500,2,12,R12_Luinab_Tibanga,18,993.0,18.24253998,79,136.079180
38,2000,1500,2,13,R13_Bonbonon_Kiwalan,105,33207.0,105.49345198,79,136.079180
38,2000,1500,2,14,R14_Ditucalan_Tubod,76,17137.0,75.78409713,79,136.079180
38,2000,1500,2,15,R15_VillaVerde_Palao,11,342.0,10.70591363,79,136.079180
38,2000,1500,2,16,R16_UpperTominobo_Tubod,24,1808.0,24.61556993,79,136.079180
38,2000,1500,2,17,R17_BagongSilang_Palao,4,58.0,4.40884346,79,136.079180
38,2000,1500,2,18,R18_SanMiguel_Tibanga,7,146.0,6.99499020,79,136.079180
38,2000,1500,2,19,R19_DelCarmen_Luinab,1,0.0,0.57890951,79,136.079180
38,2000,1500,2,20,R20_Pugaan_Tibanga,76,17344.0,76.24042612,79,136.079180
38,2000,1500,2,21,R21_Abuno_Tubod,30,2756.0,30.39137079,79,136.079180
38,2000,1500,2,22,R22_SantaFilomena_Tibanga,1,0.0,0.57890951,79,136.079180
38,2000,1500,2,23,R23_Acmac_Kiwalan,1,0.0,0.57890951,79,136.079180
38,2000,1500,2,24,R24_Kabacsanan_Kiwalan,222,146583.0,221.64221694,79,136.079180
38,2000,1500,2,25,R25_Bunawan_Dalipuga,174,90640.0,174.28926201,79,136.079180
38,2000,1500,2,26,R26_Dalipuga_Tibanga,29,2471.0,28.77710194,79,136.079180
38,2000,1500,2,27,R27_Bonbonon_Palao,205,125792.0,205.32280733,79,136.079180
38,2000,1500,2,28,R28_MariaCristina_Tipanoy,43,5462.0,42.78450684,79,136.079180
38,2000,1500,2,29,R29_Buruun_Tominobo,1,0.0,0.57890951,79,136.079180
38,2000,1500,2,30,R30_Tambacan_Luinab,27,2157.0,26.88659189,79,136.079180
38,2000,1500,2,31,R31_Center_Kiwalan,25,1820.0,24.69712368,79,136.079180
38,2000,1500,2,32,R32_Suarez_Tibanga,20,1181.0,19.89461923,79,136.079180
38,2000,1500,2,33,R33_Ditucalan_Palao,75,16755.0,74.93468718,79,136.079180
38,2000,1500,2,34,R34_UpperTominobo_Palao,64,12422.0,64.52179560,79,136.079180
38,2000,1500,2,35,R35_Buruun_Tipanoy,28,2364.0,28.14714942,79,136.079180
38,2000,1500,2,36,R36_Tubod_Kiwalan,124,45891.0,124.01506444,79,136.079180
38,2000,1500,2,37,R37_Palao_SantaFilomena,1,0.0,0.57890951,79,136.079180
38,2000,1500,3,0,R00_Tubod_Tibanga,10,318.0,10.34344657,89,131.605778
38,2000,1500,3,1,R01_Tubod_Tominobo,29,2438.0,28.63970670,89,131.605778
38,2000,1500,3,2,R02_Palao_Kiwalan,55,8965.0,54.91953638,89,131.605778
38,2000,1500,3,3,R03_Buruun_Palao,120,42630.0,119.75933664,89,131.605778
38,2000,1500,3,4,R04_Tambacan_Tibanga,1,0.0,0.58003168,89,131.605778
38,2000,1500,3,5,R05_Tubod_Tipanoy,30,2712.0,30.20623230,89,131.605778
38,2000,1500,3,6,R06_MariaCristina_Tubod,1,0.0,0.58003168,89,131.605778
38,2000,1500,3,7,R07_Palao_Luinab,33,3191.0,32.76537309,89,131.605778
38,2000,1500,3,8,R08_Dalipuga_Palao,147,64746.0,147.59042620,89,131.605778
38,2000,1500,3,9,R09_Buruun_Tubod,36,3946.0,36.43596329,89,131.605778
38,2000,1500,3,10,R10_Tominobo_Tibanga,11,359.0,10.99003156,89,131.605778
38,2000,1500,3,11,R11_Tipanoy_Palao,138,56804.0,138.24237131,89,131.605778
38,2000,1500,3,12,R12_Luinab_Tibanga,17,874.0,17.14776139,89,131.605778
38,2000,1500,3,13,R13_Bonbonon_Kiwalan,111,36411.0,110.67971158,89,131.605778
38,2000,1500,3,14,R14_Ditucalan_Tubod,77,17614.0,76.98049713,89,131.605778
38,2000,1500,3,15,R15_VillaVerde_Palao,10,322.0,10.40829640,89,131.605778
38,2000,1500,3,16,R16_UpperTominobo_Tubod,31,2870.0,31.07367819,89,131.605778
38,2000,1500,3,17,R17_BagongSilang_Palao,6,100.0,5.80031681,89,131.605778
38,2000,1500,3,18,R18_SanMiguel_Tibanga,6,96.0,5.68312662,89,131.605778
38,2000,1500,3,19,R19_DelCarmen_Luinab,1,0.0,0.58003168,89,131.605778
38,2000,1500,3,20,R20_Pugaan_Tibanga,69,14218.0,69.16254572,89,131.605778
38,2000,1500,3,21,R21_Abuno_Tubod,32,2981.0,31.66887993,89,131.605778
38,2000,1500,3,22,R22_SantaFilomena_Tibanga,1,0.0,0.58003168,89,131.605778
38,2000,1500,3,23,R23_Acmac_Kiwalan,1,0.0,0.58003168,89,131.605778
38,2000,1500,3,24,R24_Kabacsanan_Kiwalan,219,142586.0,219.02321939,89,131.605778
38,2000,1500,3,25,R25_Bunawan_Dalipuga,182,98888.0,182.39944482,89,131.605778
38,2000,1500,3,26,R26_Dalipuga_Tibanga,29,2593.0,29.53608803,89,131.605778
38,2000,1500,3,27,R27_Bonbonon_Palao,196,113908.0,195.76219624,89,131.605778
38,2000,1500,3,28,R28_MariaCristina_Tipanoy,43,5590.0,43.36682419,89,131.605778
38,2000,1500,3,29,R29_Buruun_Tominobo,1,0.0,0.58003168,89,131.605778
38,2000,1500,3,30,R30_Tambacan_Luinab,28,2419.0,28.52788989,89,131.605778
38,2000,1500,3,31,R31_Center_Kiwalan,23,1646.0,23.53242216,89,131.605778
38,2000,1500,3,32,R32_Suarez_Tibanga,18,977.0,18.13004981,89,131.605778
38,2000,1500,3,33,R33_Ditucalan_Palao,72,15312.0,71.77408681,89,131.605778
38,2000,1500,3,34,R34_UpperTominobo_Palao,75,16722.0,75.00596881,89,131.605778
38,2000,1500,3,35,R35_Buruun_Tipanoy,20,1180.0,19.92474257,89,131.605778
38,2000,1500,3,36,R36_Tubod_Kiwalan,120,43130.0,120.45960770,89,131.605778
38,2000,1500,3,37,R37_Palao_SantaFilomena,1,0.0,0.58003168,89,131.605778
38,2000,1500,4,0,R00_Tubod_Tibanga,8,179.0,7.69166196,89,137.711458
38,2000,1500,4,1,R01_Tubod_Tominobo,30,2668.0,29.69522270,89,137.711458
38,2000,1500,4,2,R02_Palao_Kiwalan,64,12291.0,63.73636383,89,137.711458
38,2000,1500,4,3,R03_Buruun_Palao,121,44730.0,121.58867423,89,137.711458
38,2000,1500,4,4,R04_Tambacan_Tibanga,2,18.0,2.43910180,89,137.711458
38,2000,1500,4,5,R05_Tubod_Tipanoy,32,3109.0,32.05560921,89,137.711458
38,2000,1500,4,6,R06_MariaCristina_Tubod,1,0.0,0.57490181,89,137.711458
38,2000,1500,4,7,R07_Palao_Luinab,29,2579.0,29.19573043,89,137.711458
38,2000,1500,4,8,R08_Dalipuga_Palao,144,63008.0,144.30836998,89,137.711458
38,2000,1500,4,9,R09_Buruun_Tubod,33,3335.0,33.20026828,89,137.711458
38,2000,1500,4,10,R10_Tominobo_Tibanga,11,402.0,11.52674540,89,137.711458
38,2000,1500,4,11,R11_Tipanoy_Palao,134,54299.0,133.96445749,89,137.711458
38,2000,1500,4,12,R12_Luinab_Tibanga,20,1169.0,19.65626188,89,137.711458
38,2000,1500,4,13,R13_Bonbonon_Kiwalan,107,35032.0,107.60343614,89,137.711458
38,2000,1500,4,14,R14_Ditucalan_Tubod,73,15965.0,72.64038468,89,137.711458
38,2000,1500,4,15,R15_VillaVerde_Palao,7,142.0,6.85074569,89,137.711458
38,2000,1500,4,16,R16_UpperTominobo_Tubod,30,2670.0,29.70635076,89,137.711458
38,2000,1500,4,17,R17_BagongSilang_Palao,7,173.0,7.56165268,89,137.711458
38,2000,1500,4,18,R18_SanMiguel_Tibanga,3,27.0,2.98727742,89,137.711458
38,2000,1500,4,19,R19_DelCarmen_Luinab,1,0.0,0.57490181,89,137.711458
38,2000,1500,4,20,R20_Pugaan_Tibanga,71,15457.0,71.47534782,89,137.711458
38,2000,1500,4,21,R21_Abuno_Tubod,32,3049.0,31.74478471,89,137.711458
38,2000,1500,4,22,R22_SantaFilomena_Tibanga,1,0.0,0.57490181,89,137.711458
38,2000,1500,4,23,R23_Acmac_Kiwalan,1,0.0,0.57490181,89,137.711458
38,2000,1500,4,24,R24_Kabacsanan_Kiwalan,225,152651.0,224.61745426,89,137.711458
38,2000,1500,4,25,R25_Bunawan_Dalipuga,170,87429.0,169.98923892,89,137.711458
38,2000,1500,4,26,R26_Dalipuga_Tibanga,23,1649.0,23.34554418,89,137.711458
38,2000,1500,4,27,R27_Bonbonon_Palao,192,111956.0,192.36114819,89,137.711458
38,2000,1500,4,28,R28_MariaCristina_Tipanoy,42,5467.0,42.50775912,89,137.711458
38,2000,1500,4,29,R29_Buruun_Tominobo,1,0.0,0.57490181,89,137.711458
38,2000,1500,4,30,R30_Tambacan_Luinab,28,2386.0,28.08205552,89,137.711458
38,2000,1500,4,31,R31_Center_Kiwalan,28,2352.0,27.88125591,89,137.711458
38,2000,1500,4,32,R32_Suarez_Tibanga,19,1078.0,18.87569948,89,137.711458
38,2000,1500,4,33,R33_Ditucalan_Palao,74,16600.0,74.07091644,89,137.711458
38,2000,1500,4,34,R34_UpperTominobo_Palao,77,17869.0,76.84998700,89,137.711458
38,2000,1500,4,35,R35_Buruun_Tipanoy,33,3392.0,33.48278666,89,137.711458
38,2000,1500,4,36,R36_Tubod_Kiwalan,125,47168.0,124.85829636,89,137.711458
38,2000,1500,4,37,R37_Palao_SantaFilomena,1,0.0,0.57490181,89,137.711458
38,2000,1500,5,0,R00_Tubod_Tibanga,5,81.0,5.31738968,98,132.719444
38,2000,1500,5,1,R01_Tubod_Tominobo,29,2451.0,29.25011882,98,132.719444
38,2000,1500,5,2,R02_Palao_Kiwalan,73,15457.0,73.45452970,98,132.719444
38,2000,1500,5,3,R03_Buruun_Palao,126,45740.0,126.35838286,98,132.719444
38,2000,1500,5,4,R04_Tambacan_Tibanga,4,36.0,3.54492645,98,132.719444
38,2000,1500,5,5,R05_Tubod_Tipanoy,27,2075.0,26.91318084,98,132.719444
38,2000,1500,5,6,R06_MariaCristina_Tubod,1,0.0,0.59082108,98,132.719444
38,2000,1500,5,7,R07_Palao_Luinab,30,2540.0,29.77644439,98,132.719444
38,2000,1500,5,8,R08_Dalipuga_Palao,151,65328.0,151.00998357,98,132.719444
38,2000,1500,5,9,R09_Buruun_Tubod,31,2715.0,30.78512320,98,132.719444
38,2000,1500,5,10,R10_Tominobo_Tibanga,13,455.0,12.60264426,98,132.719444
38,2000,1500,5,11,R11_Tipanoy_Palao,140,56192.0,140.05326054,98,132.719444
38,2000,1500,5,12,R12_Luinab_Tibanga,15,681.0,15.41805303,98,132.719444
38,2000,1500,5,13,R13_Bonbonon_Kiwalan,111,35231.0,110.89665950,98,132.719444
38,2000,1500,5,14,R14_Ditucalan_Tubod,74,15680.0,73.98250092,98,132.719444
38,2000,1500,5,15,R15_VillaVerde_Palao,12,419.0,12.09380580,98,132.719444
38,2000,1500,5,16,R16_UpperTominobo_Tubod,12,430.0,12.25152659,98,132.719444
38,2000,1500,5,17,R17_BagongSilang_Palao,3,32.0,3.34218871,98,132.719444
38,2000,1500,5,18,R18_SanMiguel_Tibanga,6,117.0,6.39070705,98,132.719444
38,2000,1500,5,19,R19_DelCarmen_Luinab,1,0.0,0.59082108,98,132.719444
38,2000,1500,5,20,R20_Pugaan_Tibanga,79,17821.0,78.87184754,98,132.719444
38,2000,1500,5,21,R21_Abuno_Tubod,26,1962.0,26.17010593,98,132.719444
38,2000,1500,5,22,R22_SantaFilomena_Tibanga,6,116.0,6.36333773,98,132.719444
38,2000,1500,5,23,R23_Acmac_Kiwalan,1,0.0,0.59082108,98,132.719444
38,2000,1500,5,24,R24_Kabacsanan_Kiwalan,220,138187.0,219.62894392,98,132.719444
38,2000,1500,5,25,R25_Bunawan_Dalipuga,179,91509.0,178.72606093,98,132.719444
38,2000,1500,5,26,R26_Dalipuga_Tibanga,31,2828.0,31.41924043,98,132.719444
38,2000,1500,5,27,R27_Bonbonon_Palao,207,122627.0,206.89454056,98,132.719444
38,2000,1500,5,28,R28_MariaCristina_Tipanoy,34,3221.0,33.53137336,98,132.719444
38,2000,1500,5,29,R29_Buruun_Tominobo,1,0.0,0.59082108,98,132.719444
38,2000,1500,5,30,R30_Tambacan_Luinab,21,1216.0,20.60263490,98,132.719444
38,2000,1500,5,31,R31_Center_Kiwalan,28,2327.0,28.50061101,98,132.719444
38,2000,1500,5,32,R32_Suarez_Tibanga,21,1305.0,21.34328359,98,132.719444
38,2000,1500,5,33,R33_Ditucalan_Palao,74,15733.0,74.10742964,98,132.719444
38,2000,1500,5,34,R34_UpperTominobo_Palao,68,13127.0,67.69221445,98,132.719444
38,2000,1500,5,35,R35_Buruun_Tipanoy,18,967.0,18.37254061,98,132.719444
38,2000,1500,5,36,R36_Tubod_Kiwalan,121,42207.0,121.38030410,98,132.719444
38,2000,1500,5,37,R37_Palao_SantaFilomena,1,0.0,0.59082108,98,132.719444
38,2000,1500,6,0,R00_Tubod_Tibanga,11,345.0,10.84683102,99,131.957617
38,2000,1500,6,1,R01_Tubod_Tominobo,23,1601.0,23.36624859,99,131.957617
38,2000,1500,6,2,R02_Palao_Kiwalan,66,12923.0,66.38577031,99,131.957617
38,2000,1500,6,3,R03_Buruun_Palao,126,46233.0,125.56522071,99,131.957617
38,2000,1500,6,4,R04_Tambacan_Tibanga,1,0.0,0.58397375,99,131.957617
38,2000,1500,6,5,R05_Tubod_Tipanoy,34,3391.0,34.00613086,99,131.957617
38,2000,1500,6,6,R06_MariaCristina_Tubod,1,0.0,0.58397375,99,131.957617
38,2000,1500,6,7,R07_Palao_Luinab,28,2343.0,28.26698387,99,131.957617
38,2000,1500,6,8,R08_Dalipuga_Palao,148,64215.0,147.98291239,99,131.957617
38,2000,1500,6,9,R09_Buruun_Tubod,27,2182.0,27.27851347,99,131.957617
38,2000,1500,6,10,R10_Tominobo_Tibanga,11,375.0,11.30860307,99,131.957617
38,2000,1500,6,11,R11_Tipanoy_Palao,137,54683.0,136.55873753,99,131.957617
38,2000,1500,6,12,R12_Luinab_Tibanga,20,1135.0,19.67393615,99,131.957617
38,2000,1500,6,13,R13_Bonbonon_Kiwalan,107,33295.0,106.55720892,99,131.957617
38,2000,1500,6,14,R14_Ditucalan_Tubod,72,15371.0,72.40097055,99,131.957617
38,2000,1500,6,15,R15_VillaVerde_Palao,9,252.0,9.27029591,99,131.957617
38,2000,1500,6,16,R16_UpperTominobo_Tubod,30,2686.0,30.26539393,99,131.957617
38,2000,1500,6,17,R17_BagongSilang_Palao,5,82.0,5.28810723,99,131.957617
38,2000,1500,6,18,R18_SanMiguel_Tibanga,3,27.0,3.03441662,99,131.957617
38,2000,1500,6,19,R19_DelCarmen_Luinab,1,0.0,0.58397375,99,131.957617
38,2000,1500,6,20,R20_Pugaan_Tibanga,71,14840.0,71.13941299,99,131.957617
38,2000,1500,6,21,R21_Abuno_Tubod,36,3824.0,36.11206044,99,131.957617
38,2000,1500,6,22,R22_SantaFilomena_Tibanga,9,264.0,9.48845037,99,131.957617
38,2000,1500,6,23,R23_Acmac_Kiwalan,1,0.0,0.58397375,99,131.957617
38,2000,1500,6,24,R24_Kabacsanan_Kiwalan,221,143348.0,221.10020528,99,131.957617
38,2000,1500,6,25,R25_Bunawan_Dalipuga,168,82882.0,168.12157037,99,131.957617
38,2000,1500,6,26,R26_Dalipuga_Tibanga,21,1282.0,20.90919628,99,131.957617
38,2000,1500,6,27,R27_Bonbonon_Palao,202,120183.0,202.44863230,99,131.957617
38,2000,1500,6,28,R28_MariaCristina_Tipanoy,36,3811.0,36.05062523,99,131.957617
38,2000,1500,6,29,R29_Buruun_Tominobo,1,0.0,0.58397375,99,131.957617
38,2000,1500,6,30,R30_Tambacan_Luinab,25,1821.0,24.92001502,99,131.957617
38,2000,1500,6,31,R31_Center_Kiwalan,32,2977.0,31.86271244,99,131.957617
38,2000,1500,6,32,R32_Suarez_Tibanga,30,2674.0,30.19771126,99,131.957617
38,2000,1500,6,33,R33_Ditucalan_Palao,83,20022.0,82.63176995,99,131.957617
38,2000,1500,6,34,R34_UpperTominobo_Palao,63,11656.0,63.04753279,99,131.957617
38,2000,1500,6,35,R35_Buruun_Tipanoy,23,1547.0,22.96880939,99,131.957617
38,2000,1500,6,36,R36_Tubod_Kiwalan,117,40444.0,117.44117228,99,131.957617
38,2000,1500,6,37,R37_Palao_SantaFilomena,1,0.0,0.58397375,99,131.957617
38,2000,2000,0,0,R00_Tubod_Tibanga,10,395.0,9.98093904,134,177.644767
38,2000,2000,0,1,R01_Tubod_Tominobo,27,2857.0,26.84280989,134,177.644767
38,2000,2000,0,2,R02_Palao_Kiwalan,65,16997.0,65.47251029,134,177.644767
38,2000,2000,0,3,R03_Buruun_Palao,123,59741.0,122.74649489,134,177.644767
38,2000,2000,0,4,R04_Tambacan_Tibanga,3,26.0,2.56070488,134,177.644767
38,2000,2000,0,5,R05_Tubod_Tipanoy,32,4132.0,32.28144836,134,177.644767
38,2000,2000,0,6,R06_MariaCristina_Tubod,1,0.0,0.50219554,134,177.644767
38,2000,2000,0,7,R07_Palao_Luinab,29,3281.0,28.76576781,134,177.644767
38,2000,2000,0,8,R08_Dalipuga_Palao,146,85166.0,146.55680226,134,177.644767
38,2000,2000,0,9,R09_Buruun_Tubod,25,2559.0,25.40434479,134,177.644767
38,2000,2000,0,10,R10_Tominobo_Tibanga,15,851.0,14.65000036,134,177.644767
38,2000,2000,0,11,R11_Tipanoy_Palao,128,65201.0,128.23305346,134,177.644767
38,2000,2000,0,12,R12_Luinab_Tibanga,18,1344.0,18.41079277,134,177.644767
38,2000,2000,0,13,R13_Bonbonon_Kiwalan,105,43599.0,104.86030572,134,177.644767
38,2000,2000,0,14,R14_Ditucalan_Tubod,71,19861.0,70.77394612,134,177.644767
38,2000,2000,0,15,R15_VillaVerde_Palao,11,496.0,11.18442583,134,177.644767
38,2000,2000,0,16,R16_UpperTominobo_Tubod,29,3347.0,29.05365075,134,177.644767
38,2000,2000,0,17,R17_BagongSilang_Palao,1,0.0,0.50219554,134,177.644767
38,2000,2000,0,18,R18_SanMiguel_Tibanga,4,64.0,4.01756436,134,177.644767
38,2000,2000,0,19,R19_DelCarmen_Luinab,1,0.0,0.50219554,134,177.644767
38,2000,2000,0,20,R20_Pugaan_Tibanga,78,24440.0,78.50972501,134,177.644767
38,2000,2000,0,21,R21_Abuno_Tubod,31,3904.0,31.37818072,134,177.644767
38,2000,2000,0,22,R22_SantaFilomena_Tibanga,6,134.0,5.81333372,134,177.644767
38,2000,2000,0,23,R23_Acmac_Kiwalan,1,0.0,0.50219554,134,177.644767
38,2000,2000,0,24,R24_Kabacsanan_Kiwalan,221,193604.0,220.96832232,134,177.644767
38,2000,2000,0,25,R25_Bunawan_Dalipuga,178,125568.0,177.95588059,134,177.644767
38,2000,2000,0,26,R26_Dalipuga_Tibanga,27,2929.0,27.17894165,134,177.644767
38,2000,2000,0,27,R27_Bonbonon_Palao,204,164624.0,203.76023383,134,177.644767
38,2000,2000,0,28,R28_MariaCristina_Tipanoy,42,6872.0,41.63076877,134,177.644767
38,2000,2000,0,29,R29_Buruun_Tominobo,1,0.0,0.50219554,134,177.644767
38,2000,2000,0,30,R30_Tambacan_Luinab,27,2964.0,27.34084640,134,177.644767
38,2000,2000,0,31,R31_Center_Kiwalan,25,2544.0,25.32977948,134,177.644767
38,2000,2000,0,32,R32_Suarez_Tibanga,26,2785.0,26.50241530,134,177.644767
38,2000,2000,0,33,R33_Ditucalan_Palao,72,20334.0,71.61174640,134,177.644767
38,2000,2000,0,34,R34_UpperTominobo_Palao,74,22012.0,74.50794880,134,177.644767
38,2000,2000,0,35,R35_Buruun_Tipanoy,20,1657.0,20.44250486,134,177.644767
38,2000,2000,0,36,R36_Tubod_Kiwalan,122,59269.0,122.26063731,134,177.644767
38,2000,2000,0,37,R37_Palao_SantaFilomena,1,0.0,0.50219554,134,177.644767
38,2000,2000,1,0,R00_Tubod_Tibanga,10,428.0,10.41247892,125,173.723426
38,2000,2000,1,1,R01_Tubod_Tominobo,23,2036.0,22.71020934,125,173.723426
38,2000,2000,1,2,R02_Palao_Kiwalan,58,13536.0,58.55681187,125,173.723426
38,2000,2000,1,3,R03_Buruun_Palao,124,61307.0,124.61986690,125,173.723426
38,2000,2000,1,4,R04_Tambacan_Tibanga,4,80.0,4.50170720,125,173.723426
38,2000,2000,1,5,R05_Tubod_Tipanoy,30,3705.0,30.63559763,125,173.723426
38,2000,2000,1,6,R06_MariaCristina_Tubod,1,0.0,0.50330617,125,173.723426
38,2000,2000,1,7,R07_Palao_Luinab,32,4157.0,32.45056501,125,173.723426
38,2000,2000,1,8,R08_Dalipuga_Palao,153,92650.0,153.19865854,125,173.723426
38,2000,2000,1,9,R09_Buruun_Tubod,23,2104.0,23.08634165,125,173.723426
38,2000,2000,1,10,R10_Tominobo_Tibanga,13,680.0,13.12461906,125,173.723426
38,2000,2000,1,11,R11_Tipanoy_Palao,138,75376.0,138.18114725,125,173.723426
38,2000,2000,1,12,R12_Luinab_Tibanga,17,1126.0,16.88890318,125,173.723426
38,2000,2000,1,13,R13_Bonbonon_Kiwalan,108,46146.0,108.11831819,125,173.723426
38,2000,2000,1,14,R14_Ditucalan_Tubod,73,21166.0,73.22369604,125,173.723426
38,2000,2000,1,15,R15_VillaVerde_Palao,11,456.0,10.74767863,125,173.723426
38,2000,2000,1,16,R16_UpperTominobo_Tubod,30,3671.0,30.49470545,125,173.723426
38,2000,2000,1,17,R17_BagongSilang_Palao,4,62.0,3.96303671,125,173.723426
38,2000,2000,1,18,R18_SanMiguel_Tibanga,4,64.0,4.02644933,125,173.723426
38,2000,2000,1,19,R19_DelCarmen_Luinab,1,0.0,0.50330617,125,173.723426
38,2000,2000,1,20,R20_Pugaan_Tibanga,71,19884.0,70.97152347,125,173.723426
38,2000,2000,1,21,R21_Abuno_Tubod,30,3473.0,29.66092169,125,173.723426
38,2000,2000,1,22,R22_SantaFilomena_Tibanga,1,0.0,0.50330617,125,173.723426
38,2000,2000,1,23,R23_Acmac_Kiwalan,1,0.0,0.50330617,125,173.723426
38,2000,2000,1,24,R24_Kabacsanan_Kiwalan,220,190836.0,219.86819097,125,173.723426
38,2000,2000,1,25,R25_Bunawan_Dalipuga,177,124079.0,177.28883777,125,173.723426
38,2000,2000,1,26,R26_Dalipuga_Tibanga,28,3115.0,28.09061685,125,173.723426
38,2000,2000,1,27,R27_Bonbonon_Palao,199,156105.0,198.85689660,125,173.723426
38,2000,2000,1,28,R28_MariaCristina_Tipanoy,43,7193.0,42.68617896,125,173.723426
38,2000,2000,1,29,R29_Buruun_Tominobo,1,0.0,0.50330617,125,173.723426
38,2000,2000,1,30,R30_Tambacan_Luinab,26,2630.0,25.81131464,125,173.723426
38,2000,2000,1,31,R31_Center_Kiwalan,27,2862.0,26.92570389,125,173.723426
38,2000,2000,1,32,R32_Suarez_Tibanga,21,1763.0,21.13286637,125,173.723426
38,2000,2000,1,33,R33_Ditucalan_Palao,80,25063.0,79.67989951,125,173.723426
38,2000,2000,1,34,R34_UpperTominobo_Palao,72,20335.0,71.77188276,125,173.723426
38,2000,2000,1,35,R35_Buruun_Tipanoy,25,2580.0,25.56478258,125,173.723426
38,2000,2000,1,36,R36_Tubod_Kiwalan,120,56590.0,119.72975605,125,173.723426
38,2000,2000,1,37,R37_Palao_SantaFilomena,1,0.0,0.50330617,125,173.723426
38,2000,2000,2,0,R00_Tubod_Tibanga,8,233.0,7.75593809,116,178.499507
38,2000,2000,2,1,R01_Tubod_Tominobo,22,1826.0,21.71234643,116,178.499507
38,2000,2000,2,2,R02_Palao_Kiwalan,63,15358.0,62.96855174,116,178.499507
38,2000,2000,2,3,R03_Buruun_Palao,125,60345.0,124.81794237,116,178.499507
38,2000,2000,2,4,R04_Tambacan_Tibanga,2,19.0,2.21479316,116,178.499507
38,2000,2000,2,5,R05_Tubod_Tipanoy,35,4902.0,35.57484582,116,178.499507
38,2000,2000,2,6,R06_MariaCristina_Tubod,1,0.0,0.50810840,116,178.499507
38,2000,2000,2,7,R07_Palao_Luinab,32,4129.0,32.64967139,116,178.499507
38,2000,2000,2,8,R08_Dalipuga_Palao,148,84837.0,147.99567520,116,178.499507
38,2000,2000,2,9,R09_Buruun_Tubod,25,2402.0,24.90249575,116,178.499507
38,2000,2000,2,10,R10_Tominobo_Tibanga,8,250.0,8.03389918,116,178.499507
38,2000,2000,2,11,R11_Tipanoy_Palao,143,78926.0,142.74681262,116,178.499507
38,2000,2000,2,12,R12_Luinab_Tibanga,18,1319.0,18.45350092,116,178.499507
38,2000,2000,2,13,R13_Bonbonon_Kiwalan,109,45787.0,108.72451216,116,178.499507
38,2000,2000,2,14,R14_Ditucalan_Tubod,72,20372.0,72.52257350,116,178.499507
38,2000,2000,2,15,R15_VillaVerde_Palao,12,591.0,12.35236493,116,178.499507
38,2000,2000,2,16,R16_UpperTominobo_Tubod,21,1764.0,21.34055272,116,178.499507
38,2000,2000,2,17,R17_BagongSilang_Palao,5,90.0,4.82033951,116,178.499507
38,2000,2000,2,18,R18_SanMiguel_Tibanga,7,199.0,7.16775102,116,178.499507
38,2000,2000,2,19,R19_DelCarmen_Luinab,1,0.0,0.50810840,116,178.499507
38,2000,2000,2,20,R20_Pugaan_Tibanga,74,21138.0,73.87343949,116,178.499507
38,2000,2000,2,21,R21_Abuno_Tubod,30,3551.0,30.27831545,116,178.499507
38,2000,2000,2,22,R22_SantaFilomena_Tibanga,1,0.0,0.50810840,116,178.499507
38,2000,2000,2,23,R23_Acmac_Kiwalan,1,0.0,0.50810840,116,178.499507
38,2000,2000,2,24,R24_Kabacsanan_Kiwalan,220,187898.0,220.25077835,116,178.499507
38,2000,2000,2,25,R25_Bunawan_Dalipuga,181,127511.0,181.43881424,116,178.499507
38,2000,2000,2,26,R26_Dalipuga_Tibanga,27,2776.0,26.77109308,116,178.499507
38,2000,2000,2,27,R27_Bonbonon_Palao,200,154783.0,199.90239762,116,178.499507
38,2000,2000,2,28,R28_MariaCristina_Tipanoy,39,5835.0,38.81296345,116,178.499507
38,2000,2000,2,29,R29_Buruun_Tominobo,1,0.0,0.50810840,116,178.499507
38,2000,2000,2,30,R30_Tambacan_Luinab,23,2081.0,23.17887819,116,178.499507
38,2000,2000,2,31,R31_Center_Kiwalan,32,3997.0,32.12354362,116,178.499507
38,2000,2000,2,32,R32_Suarez_Tibanga,24,2273.0,24.22457079,116,178.499507
38,2000,2000,2,33,R33_Ditucalan_Palao,74,21401.0,74.33158724,116,178.499507
38,2000,2000,2,34,R34_UpperTominobo_Palao,68,18042.0,68.24938030,116,178.499507
38,2000,2000,2,35,R35_Buruun_Tipanoy,21,1661.0,20.70814462,116,178.499507
38,2000,2000,2,36,R36_Tubod_Kiwalan,126,61545.0,126.05287664,116,178.499507
38,2000,2000,2,37,R37_Palao_SantaFilomena,1,0.0,0.50810840,116,178.499507
38,2000,2000,3,0,R00_Tubod_Tibanga,8,264.0,8.14314615,109,175.147912
38,2000,2000,3,1,R01_Tubod_Tominobo,26,2598.0,25.54523131,109,175.147912
38,2000,2000,3,2,R02_Palao_Kiwalan,67,17878.0,67.01156069,109,175.147912
38,2000,2000,3,3,R03_Buruun_Palao,128,64895.0,127.67206552,109,175.147912
38,2000,2000,3,4,R04_Tambacan_Tibanga,1,0.0,0.50117600,109,175.147912
38,2000,2000,3,5,R05_Tubod_Tipanoy,37,5495.0,37.15130850,109,175.147912
38,2000,2000,3,6,R06_MariaCristina_Tubod,1,0.0,0.50117600,109,175.147912
38,2000,2000,3,7,R07_Palao_Luinab,32,4190.0,32.44122744,109,175.147912
38,2000,2000,3,8,R08_Dalipuga_Palao,140,78571.0,140.48223452,109,175.147912
38,2000,2000,3,9,R09_Buruun_Tubod,22,1942.0,22.08588869,109,175.147912
38,2000,2000,3,10,R10_Tominobo_Tibanga,12,584.0,12.11146532,109,175.147912
38,2000,2000,3,11,R11_Tipanoy_Palao,134,71368.0,133.88811568,109,175.147912
38,2000,2000,3,12,R12_Luinab_Tibanga,20,1670.0,20.48087476,109,175.147912
38,2000,2000,3,13,R13_Bonbonon_Kiwalan,108,46471.0,108.03917899,109,175.147912
38,2000,2000,3,14,R14_Ditucalan_Tubod,76,23213.0,76.35823864,109,175.147912
38,2000,2000,3,15,R15_VillaVerde_Palao,9,331.0,9.11809816,109,175.147912
38,2000,2000,3,16,R16_UpperTominobo_Tubod,29,3416.0,29.29201159,109,175.147912
38,2000,2000,3,17,R17_BagongSilang_Palao,4,60.0,3.88209261,109,175.147912
38,2000,2000,3,18,R18_SanMiguel_Tibanga,5,118.0,5.44416488,109,175.147912
38,2000,2000,3,19,R19_DelCarmen_Luinab,1,0.0,0.50117600,109,175.147912
38,2000,2000,3,20,R20_Pugaan_Tibanga,72,20893.0,72.44203944,109,175.147912
38,2000,2000,3,21,R21_Abuno_Tubod,36,5096.0,35.77708690,109,175.147912
38,2000,2000,3,22,R22_SantaFilomena_Tibanga,6,168.0,6.49598341,109,175.147912
38,2000,2000,3,23,R23_Acmac_Kiwalan,1,0.0,0.50117600,109,175.147912
38,2000,2000,3,24,R24_Kabacsanan_Kiwalan,220,192601.0,219.94775579,109,175.147912
38,2000,2000,3,25,R25_Bunawan_Dalipuga,179,127224.0,178.76182888,109,175.147912
38,2000,2000,3,26,R26_Dalipuga_Tibanga,33,4262.0,32.71877151,109,175.147912
38,2000,2000,3,27,R27_Bonbonon_Palao,203,163868.0,202.87911551,109,175.147912
38,2000,2000,3,28,R28_MariaCristina_Tipanoy,40,6502.0,40.41231680,109,175.147912
38,2000,2000,3,29,R29_Buruun_Tominobo,1,0.0,0.50117600,109,175.147912
38,2000,2000,3,30,R30_Tambacan_Luinab,23,2070.0,22.80213113,109,175.147912
38,2000,2000,3,31,R31_Center_Kiwalan,21,1809.0,21.31618838,109,175.147912
38,2000,2000,3,32,R32_Suarez_Tibanga,17,1170.0,17.14285679,109,175.147912
38,2000,2000,3,33,R33_Ditucalan_Palao,72,20727.0,72.15368065,109,175.147912
38,2000,2000,3,34,R34_UpperTominobo_Palao,69,19195.0,69.43594084,109,175.147912
38,2000,2000,3,35,R35_Buruun_Tipanoy,26,2683.0,25.95975579,109,175.147912
38,2000,2000,3,36,R36_Tubod_Kiwalan,120,56949.0,119.60058873,109,175.147912
38,2000,2000,3,37,R37_Palao_SantaFilomena,1,0.0,0.50117600,109,175.147912
38,2000,2000,4,0,R00_Tubod_Tibanga,12,542.0,11.65690485,115,175.525099
38,2000,2000,4,1,R01_Tubod_Tominobo,26,2693.0,25.98374737,115,175.525099
38,2000,2000,4,2,R02_Palao_Kiwalan,68,18424.0,67.96347412,115,175.525099
38,2000,2000,4,3,R03_Buruun_Palao,129,66515.0,129.13483323,115,175.525099
38,2000,2000,4,4,R04_Tambacan_Tibanga,4,68.0,4.12893518,115,175.525099
38,2000,2000,4,5,R05_Tubod_Tipanoy,32,4090.0,32.02176473,115,175.525099
38,2000,2000,4,6,R06_MariaCristina_Tubod,1,0.0,0.50070694,115,175.525099
38,2000,2000,4,7,R07_Palao_Luinab,31,3802.0,30.87377001,115,175.525099
38,2000,2000,4,8,R08_Dalipuga_Palao,150,89926.0,150.15031454,115,175.525099
38,2000,2000,4,9,R09_Buruun_Tubod,23,2131.0,23.11401193,115,175.525099
38,2000,2000,4,10,R10_Tominobo_Tibanga,13,680.0,13.05683947,115,175.525099
38,2000,2000,4,11,R11_Tipanoy_Palao,133,70482.0,132.92991219,115,175.525099
38,2000,2000,4,12,R12_Luinab_Tibanga,18,1253.0,17.72389399,115,175.525099
38,2000,2000,4,13,R13_Bonbonon_Kiwalan,112,50502.0,112.52211769,115,175.525099
38,2000,2000,4,14,R14_Ditucalan_Tubod,74,22171.0,74.55490983,115,175.525099
38,2000,2000,4,15,R15_VillaVerde_Palao,8,235.0,7.67569200,115,175.525099
38,2000,2000,4,16,R16_UpperTominobo_Tubod,26,2748.0,26.24774345,115,175.525099
38,2000,2000,4,17,R17_BagongSilang_Palao,5,94.0,4.85453387,115,175.525099
38,2000,2000,4,18,R18_SanMiguel_Tibanga,4,80.0,4.47845899,115,175.525099
38,2000,2000,4,19,R19_DelCarmen_Luinab,1,0.0,0.50070694,115,175.525099
38,2000,2000,4,20,R20_Pugaan_Tibanga,73,21566.0,73.53065062,115,175.525099
38,2000,2000,4,21,R21_Abuno_Tubod,35,5064.0,35.63120065,115,175.525099
38,2000,2000,4,22,R22_SantaFilomena_Tibanga,5,87.0,4.67028340,115,175.525099
38,2000,2000,4,23,R23_Acmac_Kiwalan,1,0.0,0.50070694,115,175.525099
38,2000,2000,4,24,R24_Kabacsanan_Kiwalan,233,216628.0,233.04559770,115,175.525099
38,2000,2000,4,25,R25_Bunawan_Dalipuga,178,127214.0,178.58750196,115,175.525099
38,2000,2000,4,26,R26_Dalipuga_Tibanga,19,1403.0,18.75480029,115,175.525099
38,2000,2000,4,27,R27_Bonbonon_Palao,192,147149.0,192.07120713,115,175.525099
38,2000,2000,4,28,R28_MariaCristina_Tipanoy,41,6700.0,40.98462914,115,175.525099
38,2000,2000,4,29,R29_Buruun_Tominobo,1,0.0,0.50070694,115,175.525099
38,2000,2000,4,30,R30_Tambacan_Luinab,22,1889.0,21.76203915,115,175.525099
38,2000,2000,4,31,R31_Center_Kiwalan,24,2272.0,23.86644708,115,175.525099
38,2000,2000,4,32,R32_Suarez_Tibanga,20,1561.0,19.78267699,115,175.525099
38,2000,2000,4,33,R33_Ditucalan_Palao,73,21326.0,73.12035829,115,175.525099
38,2000,2000,4,34,R34_UpperTominobo_Palao,65,17133.0,65.53907623,115,175.525099
38,2000,2000,4,35,R35_Buruun_Tipanoy,27,2832.0,26.64589013,115,175.525099
38,2000,2000,4,36,R36_Tubod_Kiwalan,120,57852.0,120.43224913,115,175.525099
38,2000,2000,4,37,R37_Palao_SantaFilomena,1,0.0,0.50070694,115,175.525099
38,2000,2000,5,0,R00_Tubod_Tibanga,9,343.0,9.39622088,121,179.618155
38,2000,2000,5,1,R01_Tubod_Tominobo,26,2636.0,26.04826852,121,179.618155
38,2000,2000,5,2,R02_Palao_Kiwalan,65,16194.0,64.56292902,121,179.618155
38,2000,2000,5,3,R03_Buruun_Palao,122,58058.0,122.24671363,121,179.618155
38,2000,2000,5,4,R04_Tambacan_Tibanga,3,26.0,2.58697857,121,179.618155
38,2000,2000,5,5,R05_Tubod_Tipanoy,34,4618.0,34.47728997,121,179.618155
38,2000,2000,5,6,R06_MariaCristina_Tubod,1,0.0,0.50734824,121,179.618155
38,2000,2000,5,7,R07_Palao_Luinab,30,3527.0,30.13067681,121,179.618155
38,2000,2000,5,8,R08_Dalipuga_Palao,140,76553.0,140.37419044,121,179.618155
38,2000,2000,5,9,R09_Buruun_Tubod,29,3234.0,28.85201605,121,179.618155
38,2000,2000,5,10,R10_Tominobo_Tibanga,15,836.0,14.66929681,121,179.618155
38,2000,2000,5,11,R11_Tipanoy_Palao,137,73488.0,137.53536087,121,179.618155
38,2000,2000,5,12,R12_Luinab_Tibanga,18,1292.0,18.23632881,121,179.618155
38,2000,2000,5,13,R13_Bonbonon_Kiwalan,113,50016.0,113.46466505,121,179.618155
38,2000,2000,5,14,R14_Ditucalan_Tubod,68,18183.0,68.41304590,121,179.618155
38,2000,2000,5,15,R15_VillaVerde_Palao,10,386.0,9.96781134,121,179.618155
38,2000,2000,5,16,R16_UpperTominobo_Tubod,20,1504.0,19.67569471,121,179.618155
38,2000,2000,5,17,R17_BagongSilang_Palao,6,148.0,6.17215772,121,179.618155
38,2000,2000,5,18,R18_SanMiguel_Tibanga,5,116.0,5.46430776,121,179.618155
38,2000,2000,5,19,R19_DelCarmen_Luinab,1,0.0,0.50734824,121,179.618155
38,2000,2000,5,20,R20_Pugaan_Tibanga,71,19512.0,70.86912177,121,179.618155
38,2000,2000,5,21,R21_Abuno_Tubod,32,4111.0,32.52968783,121,179.618155
38,2000,2000,5,22,R22_SantaFilomena_Tibanga,1,0.0,0.50734824,121,179.618155
38,2000,2000,5,23,R23_Acmac_Kiwalan,1,0.0,0.50734824,121,179.618155
38,2000,2000,5,24,R24_Kabacsanan_Kiwalan,230,204797.0,229.59792168,121,179.618155
38,2000,2000,5,25,R25_Bunawan_Dalipuga,172,114551.0,171.71395834,121,179.618155
38,2000,2000,5,26,R26_Dalipuga_Tibanga,27,2837.0,27.02314087,121,179.618155
38,2000,2000,5,27,R27_Bonbonon_Palao,199,154135.0,199.18507369,121,179.618155
38,2000,2000,5,28,R28_MariaCristina_Tipanoy,38,5754.0,38.48496412,121,179.618155
38,2000,2000,5,29,R29_Buruun_Tominobo,1,0.0,0.50734824,121,179.618155
38,2000,2000,5,30,R30_Tambacan_Luinab,28,3033.0,27.94102683,121,179.618155
38,2000,2000,5,31,R31_Center_Kiwalan,23,2105.0,23.27727875,121,179.618155
38,2000,2000,5,32,R32_Suarez_Tibanga,22,1902.0,22.12643333,121,179.618155
38,2000,2000,5,33,R33_Ditucalan_Palao,77,22802.0,76.61126403,121,179.618155
38,2000,2000,5,34,R34_UpperTominobo_Palao,72,20160.0,72.03630383,121,179.618155
38,2000,2000,5,35,R35_Buruun_Tipanoy,27,2923.0,27.42966888,121,179.618155
38,2000,2000,5,36,R36_Tubod_Kiwalan,126,61537.0,125.85611376,121,179.618155
38,2000,2000,5,37,R37_Palao_SantaFilomena,1,0.0,0.50734824,121,179.618155
38,2000,2000,6,0,R00_Tubod_Tibanga,8,241.0,7.91640348,140,181.624719
38,2000,2000,6,1,R01_Tubod_Tominobo,26,2583.0,25.91681347,140,181.624719
38,2000,2000,6,2,R02_Palao_Kiwalan,65,16402.0,65.30821348,140,181.624719
38,2000,2000,6,3,R03_Buruun_Palao,127,62229.0,127.20840609,140,181.624719
38,2000,2000,6,4,R04_Tambacan_Tibanga,1,0.0,0.50994038,140,181.624719
38,2000,2000,6,5,R05_Tubod_Tipanoy,23,2132.0,23.54577557,140,181.624719
38,2000,2000,6,6,R06_MariaCristina_Tubod,1,0.0,0.50994038,140,181.624719
38,2000,2000,6,7,R07_Palao_Luinab,29,3264.0,29.13362159,140,181.624719
38,2000,2000,6,8,R08_Dalipuga_Palao,145,80868.0,145.01327177,140,181.624719
38,2000,2000,6,9,R09_Buruun_Tubod,34,4438.0,33.97136901,140,181.624719
38,2000,2000,6,10,R10_Tominobo_Tibanga,10,403.0,10.23698161,140,181.624719
38,2000,2000,6,11,R11_Tipanoy_Palao,135,70136.0,135.04854102,140,181.624719
38,2000,2000,6,12,R12_Luinab_Tibanga,18,1322.0,18.54108426,140,181.624719
38,2000,2000,6,13,R13_Bonbonon_Kiwalan,112,48011.0,111.73513957,140,181.624719
38,2000,2000,6,14,R14_Ditucalan_Tubod,75,21747.0,75.20021412,140,181.624719
38,2000,2000,6,15,R15_VillaVerde_Palao,11,449.0,10.80544284,140,181.624719
38,2000,2000,6,16,R16_UpperTominobo_Tubod,31,3818.0,31.50919892,140,181.624719
38,2000,2000,6,17,R17_BagongSilang_Palao,5,100.0,5.09940376,140,181.624719
38,2000,2000,6,18,R18_SanMiguel_Tibanga,5,97.0,5.02233025,140,181.624719
38,2000,2000,6,19,R19_DelCarmen_Luinab,1,0.0,0.50994038,140,181.624719
38,2000,2000,6,20,R20_Pugaan_Tibanga,73,20558.0,73.11556339,140,181.624719
38,2000,2000,6,21,R21_Abuno_Tubod,31,3614.0,30.65585788,140,181.624719
38,2000,2000,6,22,R22_SantaFilomena_Tibanga,6,154.0,6.32819365,140,181.624719
38,2000,2000,6,23,R23_Acmac_Kiwalan,1,0.0,0.50994038,140,181.624719
38,2000,2000,6,24,R24_Kabacsanan_Kiwalan,228,200319.0,228.23406831,140,181.624719
38,2000,2000,6,25,R25_Bunawan_Dalipuga,174,116549.0,174.08994005,140,181.624719
38,2000,2000,6,26,R26_Dalipuga_Tibanga,21,1630.0,20.58795461,140,181.624719
38,2000,2000,6,27,R27_Bonbonon_Palao,210,169316.0,209.83039584,140,181.624719
38,2000,2000,6,28,R28_MariaCristina_Tipanoy,34,4348.0,33.62514514,140,181.624719
38,2000,2000,6,29,R29_Buruun_Tominobo,1,0.0,0.50994038,140,181.624719
38,2000,2000,6,30,R30_Tambacan_Luinab,25,2467.0,25.32817946,140,181.624719
38,2000,2000,6,31,R31_Center_Kiwalan,30,3508.0,30.20293808,140,181.624719
38,2000,2000,6,32,R32_Suarez_Tibanga,12,597.0,12.45967073,140,181.624719
38,2000,2000,6,33,R33_Ditucalan_Palao,77,23032.0,77.39006757,140,181.624719
38,2000,2000,6,34,R34_UpperTominobo_Palao,70,18813.0,69.94367183,140,181.624719
38,2000,2000,6,35,R35_Buruun_Tipanoy,15,864.0,14.98912465,140,181.624719
38,2000,2000,6,36,R36_Tubod_Kiwalan,129,63942.0,128.94737573,140,181.624719
38,2000,2000,6,37,R37_Palao_SantaFilomena,1,0.0,0.50994038,140,181.624719
38,2000,3000,0,0,R00_Tubod_Tibanga,9,449.0,8.72178839,194,269.477777
38,2000,3000,0,1,R01_Tubod_Tominobo,27,4503.0,27.62061526,194,269.477777
38,2000,3000,0,2,R02_Palao_Kiwalan,69,27843.0,68.68159759,194,269.477777
38,2000,3000,0,3,R03_Buruun_Palao,125,93169.0,125.63715460,194,269.477777
38,2000,3000,0,4,R04_Tambacan_Tibanga,3,49.0,2.88124650,194,269.477777
38,2000,3000,0,5,R05_Tubod_Tipanoy,30,5424.0,30.31392804,194,269.477777
38,2000,3000,0,6,R06_MariaCristina_Tubod,1,0.0,0.41160664,194,269.477777
38,2000,3000,0,7,R07_Palao_Luinab,30,5257.0,29.84361052,194,269.477777
38,2000,3000,0,8,R08_Dalipuga_Palao,139,113910.0,138.91952859,194,269.477777
38,2000,3000,0,9,R09_Buruun_Tubod,28,4659.0,28.09498019,194,269.477777
38,2000,3000,0,10,R10_Tominobo_Tibanga,13,948.0,12.67320744,194,269.477777
38,2000,3000,0,11,R11_Tipanoy_Palao,137,110943.0,137.09838146,194,269.477777
38,2000,3000,0,12,R12_Luinab_Tibanga,17,1836.0,17.63675628,194,269.477777
38,2000,3000,0,13,R13_Bonbonon_Kiwalan,110,71303.0,109.90976425,194,269.477777
38,2000,3000,0,14,R14_Ditucalan_Tubod,73,31391.0,72.92642942,194,269.477777
38,2000,3000,0,15,R15_VillaVerde_Palao,9,523.0,9.41311186,194,269.477777
38,2000,3000,0,16,R16_UpperTominobo_Tubod,28,4634.0,28.01950055,194,269.477777
38,2000,3000,0,17,R17_BagongSilang_Palao,1,10.0,1.30161449,194,269.477777
38,2000,3000,0,18,R18_SanMiguel_Tibanga,3,65.0,3.31847884,194,269.477777
38,2000,3000,0,19,R19_DelCarmen_Luinab,1,0.0,0.41160664,194,269.477777
38,2000,3000,0,20,R20_Pugaan_Tibanga,73,31377.0,72.91016546,194,269.477777
38,2000,3000,0,21,R21_Abuno_Tubod,33,6647.0,33.55793391,194,269.477777
38,2000,3000,0,22,R22_SantaFilomena_Tibanga,3,76.0,3.58830352,194,269.477777
38,2000,3000,0,23,R23_Acmac_Kiwalan,1,0.0,0.41160664,194,269.477777
38,2000,3000,0,24,R24_Kabacsanan_Kiwalan,224,296348.0,224.06982515,194,269.477777
38,2000,3000,0,25,R25_Bunawan_Dalipuga,176,183472.0,176.30607315,194,269.477777
38,2000,3000,0,26,R26_Dalipuga_Tibanga,30,5199.0,29.67852299,194,269.477777
38,2000,3000,0,27,R27_Bonbonon_Palao,195,224284.0,194.93127411,194,269.477777
38,2000,3000,0,28,R28_MariaCristina_Tipanoy,48,13419.0,47.68068120,194,269.477777
38,2000,3000,0,29,R29_Buruun_Tominobo,1,0.0,0.41160664,194,269.477777
38,2000,3000,0,30,R30_Tambacan_Luinab,23,3167.0,23.16361866,194,269.477777
38,2000,3000,0,31,R31_Center_Kiwalan,27,4213.0,26.71641030,194,269.477777
38,2000,3000,0,32,R32_Suarez_Tibanga,23,3123.0,23.00214660,194,269.477777
38,2000,3000,0,33,R33_Ditucalan_Palao,72,30706.0,72.12635710,194,269.477777
38,2000,3000,0,34,R34_UpperTominobo_Palao,67,26418.0,66.90095894,194,269.477777
38,2000,3000,0,35,R35_Buruun_Tipanoy,29,4845.0,28.65030606,194,269.477777
38,2000,3000,0,36,R36_Tubod_Kiwalan,121,87346.0,121.64769538,194,269.477777
38,2000,3000,0,37,R37_Palao_SantaFilomena,1,0.0,0.41160664,194,269.477777
38,2000,3000,1,0,R00_Tubod_Tibanga,7,316.0,7.33998439,191,266.237051
38,2000,3000,1,1,R01_Tubod_Tominobo,26,4038.0,26.23824315,191,266.237051
38,2000,3000,1,2,R02_Palao_Kiwalan,69,28316.0,69.48123783,191,266.237051
38,2000,3000,1,3,R03_Buruun_Palao,124,89567.0,123.57357444,191,266.237051
38,2000,3000,1,4,R04_Tambacan_Tibanga,3,48.0,2.86069933,191,266.237051
38,2000,3000,1,5,R05_Tubod_Tipanoy,30,5161.0,29.66323584,191,266.237051
38,2000,3000,1,6,R06_MariaCristina_Tubod,1,0.0,0.41290638,191,266.237051
38,2000,3000,1,7,R07_Palao_Luinab,30,5265.0,29.96061907,191,266.237051
38,2000,3000,1,8,R08_Dalipuga_Palao,143,120691.0,143.44619670,191,266.237051
38,2000,3000,1,9,R09_Buruun_Tubod,28,4675.0,28.23204923,191,266.237051
38,2000,3000,1,10,R10_Tominobo_Tibanga,14,1153.0,14.02058868,191,266.237051
38,2000,3000,1,11,R11_Tipanoy_Palao,138,112003.0,138.18675636,191,266.237051
38,2000,3000,1,12,R12_Luinab_Tibanga,16,1462.0,15.78793324,191,266.237051
38,2000,3000,1,13,R13_Bonbonon_Kiwalan,109,70026.0,109.26504648,191,266.237051
38,2000,3000,1,14,R14_Ditucalan_Tubod,71,29907.0,71.40654503,191,266.237051
38,2000,3000,1,15,R15_VillaVerde_Palao,11,751.0,11.31544306,191,266.237051
38,2000,3000,1,16,R16_UpperTominobo_Tubod,23,3257.0,23.56462182,191,266.237051
38,2000,3000,1,17,R17_BagongSilang_Palao,5,127.0,4.65321860,191,266.237051
38,2000,3000,1,18,R18_SanMiguel_Tibanga,6,188.0,5.66148707,191,266.237051
38,2000,3000,1,19,R19_DelCarmen_Luinab,1,0.0,0.41290638,191,266.237051
38,2000,3000,1,20,R20_Pugaan_Tibanga,75,32910.0,74.90581545,191,266.237051
38,2000,3000,1,21,R21_Abuno_Tubod,30,5258.0,29.94069561,191,266.237051
38,2000,3000,1,22,R22_SantaFilomena_Tibanga,5,178.0,5.50885823,191,266.237051
38,2000,3000,1,23,R23_Acmac_Kiwalan,1,0.0,0.41290638,191,266.237051
38,2000,3000,1,24,R24_Kabacsanan_Kiwalan,217,276268.0,217.02855906,191,266.237051
38,2000,3000,1,25,R25_Bunawan_Dalipuga,189,210234.0,189.32286668,191,266.237051
38,2000,3000,1,26,R26_Dalipuga_Tibanga,33,6331.0,32.85396210,191,266.237051
38,2000,3000,1,27,R27_Bonbonon_Palao,196,225130.0,195.91526718,191,266.237051
38,2000,3000,1,28,R28_MariaCristina_Tipanoy,41,9981.0,41.25139341,191,266.237051
38,2000,3000,1,29,R29_Buruun_Tominobo,1,0.0,0.41290638,191,266.237051
38,2000,3000,1,30,R30_Tambacan_Luinab,24,3480.0,24.35797706,191,266.237051
38,2000,3000,1,31,R31_Center_Kiwalan,29,4911.0,28.93587117,191,266.237051
38,2000,3000,1,32,R32_Suarez_Tibanga,23,3030.0,22.72861171,191,266.237051
38,2000,3000,1,33,R33_Ditucalan_Palao,68,27367.0,68.30699676,191,266.237051
38,2000,3000,1,34,R34_UpperTominobo_Palao,63,23402.0,63.16523011,191,266.237051
38,2000,3000,1,35,R35_Buruun_Tipanoy,26,3912.0,25.82563556,191,266.237051
38,2000,3000,1,36,R36_Tubod_Kiwalan,123,89070.0,123.23024765,191,266.237051
38,2000,3000,1,37,R37_Palao_SantaFilomena,1,0.0,0.41290638,191,266.237051
38,2000,3000,2,0,R00_Tubod_Tibanga,7,310.0,7.21288531,173,265.705693
38,2000,3000,2,1,R01_Tubod_Tominobo,28,4561.0,27.66675447,173,265.705693
38,2000,3000,2,2,R02_Palao_Kiwalan,70,29631.0,70.51821879,173,265.705693
38,2000,3000,2,3,R03_Buruun_Palao,126,95047.0,126.29826559,173,265.705693
38,2000,3000,2,4,R04_Tambacan_Tibanga,2,34.0,2.38873316,173,265.705693
38,2000,3000,2,5,R05_Tubod_Tipanoy,32,6018.0,31.78002770,173,265.705693
38,2000,3000,2,6,R06_MariaCristina_Tubod,1,0.0,0.40966436,173,265.705693
38,2000,3000,2,7,R07_Palao_Luinab,34,6795.0,33.76936625,173,265.705693
38,2000,3000,2,8,R08_Dalipuga_Palao,139,115601.0,139.28648386,173,265.705693
38,2000,3000,2,9,R09_Buruun_Tubod,27,4248.0,26.70056392,173,265.705693
38,2000,3000,2,10,R10_Tominobo_Tibanga,15,1313.0,14.84432803,173,265.705693
38,2000,3000,2,11,R11_Tipanoy_Palao,132,103375.0,131.71521377,173,265.705693
38,2000,3000,2,12,R12_Luinab_Tibanga,17,1756.0,17.16684301,173,265.705693
38,2000,3000,2,13,R13_Bonbonon_Kiwalan,111,73266.0,110.88669019,173,265.705693
38,2000,3000,2,14,R14_Ditucalan_Tubod,73,31900.0,73.16839377,173,265.705693
38,2000,3000,2,15,R15_VillaVerde_Palao,10,603.0,10.05974184,173,265.705693
38,2000,3000,2,16,R16_UpperTominobo_Tubod,29,5200.0,29.54131691,173,265.705693
38,2000,3000,2,17,R17_BagongSilang_Palao,4,81.0,3.68697921,173,265.705693
38,2000,3000,2,18,R18_SanMiguel_Tibanga,5,124.0,4.56182922,173,265.705693
38,2000,3000,2,19,R19_DelCarmen_Luinab,1,0.0,0.40966436,173,265.705693
38,2000,3000,2,20,R20_Pugaan_Tibanga,75,33768.0,75.28021475,173,265.705693
38,2000,3000,2,21,R21_Abuno_Tubod,31,5559.0,30.54404260,173,265.705693
38,2000,3000,2,22,R22_SantaFilomena_Tibanga,5,138.0,4.81246654,173,265.705693
38,2000,3000,2,23,R23_Acmac_Kiwalan,1,0.0,0.40966436,173,265.705693
38,2000,3000,2,24,R24_Kabacsanan_Kiwalan,222,294370.0,222.26698257,173,265.705693
38,2000,3000,2,25,R25_Bunawan_Dalipuga,176,185212.0,176.30423333,173,265.705693
38,2000,3000,2,26,R26_Dalipuga_Tibanga,26,4136.0,26.34622793,173,265.705693
38,2000,3000,2,27,R27_Bonbonon_Palao,203,246601.0,203.43496402,173,265.705693
38,2000,3000,2,28,R28_MariaCristina_Tipanoy,39,9135.0,39.15456971,173,265.705693
38,2000,3000,2,29,R29_Buruun_Tominobo,1,0.0,0.40966436,173,265.705693
38,2000,3000,2,30,R30_Tambacan_Luinab,24,3430.0,23.99248543,173,265.705693
38,2000,3000,2,31,R31_Center_Kiwalan,25,3870.0,25.48494275,173,265.705693
38,2000,3000,2,32,R32_Suarez_Tibanga,16,1603.0,16.40192950,173,265.705693
38,2000,3000,2,33,R33_Ditucalan_Palao,78,36043.0,77.77475392,173,265.705693
38,2000,3000,2,34,R34_UpperTominobo_Palao,67,27059.0,67.38823025,173,265.705693
38,2000,3000,2,35,R35_Buruun_Tipanoy,24,3543.0,24.38449444,173,265.705693
38,2000,3000,2,36,R36_Tubod_Kiwalan,123,90336.0,123.12850545,173,265.705693
38,2000,3000,2,37,R37_Palao_SantaFilomena,1,0.0,0.40966436,173,265.705693
38,2000,3000,3,0,R00_Tubod_Tibanga,11,706.0,10.94920024,204,268.869506
38,2000,3000,3,1,R01_Tubod_Tominobo,27,4174.0,26.62295572,204,268.869506
38,2000,3000,3,2,R02_Palao_Kiwalan,68,27526.0,68.36779926,204,268.869506
38,2000,3000,3,3,R03_Buruun_Palao,124,90927.0,124.25860646,204,268.869506
38,2000,3000,3,4,R04_Tambacan_Tibanga,4,94.0,3.99525013,204,268.869506
38,2000,3000,3,5,R05_Tubod_Tipanoy,31,5683.0,31.06482244,204,268.869506
38,2000,3000,3,6,R06_MariaCristina_Tubod,1,0.0,0.41207859,204,268.869506
38,2000,3000,3,7,R07_Palao_Luinab,29,4908.0,28.86903882,204,268.869506
38,2000,3000,3,8,R08_Dalipuga_Palao,144,121917.0,143.88389349,204,268.869506
38,2000,3000,3,9,R09_Buruun_Tubod,31,5512.0,30.59388656,204,268.869506
38,2000,3000,3,10,R10_Tominobo_Tibanga,11,664.0,10.61852239,204,268.869506
38,2000,3000,3,11,R11_Tipanoy_Palao,134,105326.0,133.73585024,204,268.869506
38,2000,3000,3,12,R12_Luinab_Tibanga,16,1593.0,16.44704707,204,268.869506
38,2000,3000,3,13,R13_Bonbonon_Kiwalan,107,68133.0,107.56198382,204,268.869506
38,2000,3000,3,14,R14_Ditucalan_Tubod,73,31299.0,72.90297960,204,268.869506
38,2000,3000,3,15,R15_VillaVerde_Palao,11,696.0,10.87137977,204,268.869506
38,2000,3000,3,16,R16_UpperTominobo_Tubod,30,5362.0,30.17473414,204,268.869506
38,2000,3000,3,17,R17_BagongSilang_Palao,5,174.0,5.43568989,204,268.869506
38,2000,3000,3,18,R18_SanMiguel_Tibanga,4,107.0,4.26257405,204,268.869506
38,2000,3000,3,19,R19_DelCarmen_Luinab,4,85.0,3.79917685,204,268.869506
38,2000,3000,3,20,R20_Pugaan_Tibanga,73,31245.0,72.84006288,204,268.869506
38,2000,3000,3,21,R21_Abuno_Tubod,29,5114.0,29.46866145,204,268.869506
38,2000,3000,3,22,R22_SantaFilomena_Tibanga,4,110.0,4.32191668,204,268.869506
38,2000,3000,3,23,R23_Acmac_Kiwalan,1,0.0,0.41207859,204,268.869506
38,2000,3000,3,24,R24_Kabacsanan_Kiwalan,220,286155.0,220.43508391,204,268.869506
38,2000,3000,3,25,R25_Bunawan_Dalipuga,181,193103.0,181.08169791,204,268.869506
38,2000,3000,3,26,R26_Dalipuga_Tibanga,24,3478.0,24.30215779,204,268.869506
38,2000,3000,3,27,R27_Bonbonon_Palao,196,226189.0,195.98182061,204,268.869506
38,2000,3000,3,28,R28_MariaCristina_Tipanoy,43,10750.0,42.72521725,204,268.869506
38,2000,3000,3,29,R29_Buruun_Tominobo,1,0.0,0.41207859,204,268.869506
38,2000,3000,3,30,R30_Tambacan_Luinab,24,3361.0,23.88989846,204,268.869506
38,2000,3000,3,31,R31_Center_Kiwalan,29,4932.0,28.93953719,204,268.869506
38,2000,3000,3,32,R32_Suarez_Tibanga,18,1989.0,18.37796580,204,268.869506
38,2000,3000,3,33,R33_Ditucalan_Palao,72,30528.0,71.99945749,204,268.869506
38,2000,3000,3,34,R34_UpperTominobo_Palao,67,26601.0,67.20924692,204,268.869506
38,2000,3000,3,35,R35_Buruun_Tipanoy,27,4316.0,27.07202644,204,268.869506
38,2000,3000,3,36,R36_Tubod_Kiwalan,125,92445.0,125.29154393,204,268.869506
38,2000,3000,3,37,R37_Palao_SantaFilomena,1,0.0,0.41207859,204,268.869506
38,2000,3000,4,0,R00_Tubod_Tibanga,9,486.0,9.10573907,174,264.193548
38,2000,3000,4,1,R01_Tubod_Tominobo,24,3494.0,24.41510054,174,264.193548
38,2000,3000,4,2,R02_Palao_Kiwalan,68,26906.0,67.75192447,174,264.193548
38,2000,3000,4,3,R03_Buruun_Palao,128,95981.0,127.96455831,174,264.193548
38,2000,3000,4,4,R04_Tambacan_Tibanga,4,77.0,3.62445264,174,264.193548
38,2000,3000,4,5,R05_Tubod_Tipanoy,32,6114.0,32.29682156,174,264.193548
38,2000,3000,4,6,R06_MariaCristina_Tubod,1,0.0,0.41304471,174,264.193548
38,2000,3000,4,7,R07_Palao_Luinab,32,5904.0,31.73731930,174,264.193548
38,2000,3000,4,8,R08_Dalipuga_Palao,140,115030.0,140.08854567,174,264.193548
38,2000,3000,4,9,R09_Buruun_Tubod,27,4218.0,26.82565621,174,264.193548
38,2000,3000,4,10,R10_Tominobo_Tibanga,11,727.0,11.13689877,174,264.193548
38,2000,3000,4,11,R11_Tipanoy_Palao,137,109857.0,136.90235984,174,264.193548
38,2000,3000,4,12,R12_Luinab_Tibanga,18,1894.0,17.97575143,174,264.193548
38,2000,3000,4,13,R13_Bonbonon_Kiwalan,112,73883.0,112.27144894,174,264.193548
38,2000,3000,4,14,R14_Ditucalan_Tubod,73,31430.0,73.22666534,174,264.193548
38,2000,3000,4,15,R15_VillaVerde_Palao,10,642.0,10.46561082,174,264.193548
38,2000,3000,4,16,R16_UpperTominobo_Tubod,28,4601.0,28.01710021,174,264.193548
38,2000,3000,4,17,R17_BagongSilang_Palao,3,58.0,3.14565481,174,264.193548
38,2000,3000,4,18,R18_SanMiguel_Tibanga,8,364.0,7.88039086,174,264.193548
38,2000,3000,4,19,R19_DelCarmen_Luinab,1,0.0,0.41304471,174,264.193548
38,2000,3000,4,20,R20_Pugaan_Tibanga,74,32010.0,73.89922840,174,264.193548
38,2000,3000,4,21,R21_Abuno_Tubod,30,5468.0,30.54297381,174,264.193548
38,2000,3000,4,22,R22_SantaFilomena_Tibanga,4,100.0,4.13044712,174,264.193548
38,2000,3000,4,23,R23_Acmac_Kiwalan,1,0.0,0.41304471,174,264.193548
38,2000,3000,4,24,R24_Kabacsanan_Kiwalan,221,287337.0,221.40776264,174,264.193548
38,2000,3000,4,25,R25_Bunawan_Dalipuga,181,191508.0,180.75508644,174,264.193548
38,2000,3000,4,26,R26_Dalipuga_Tibanga,26,4096.0,26.43486159,174,264.193548
38,2000,3000,4,27,R27_Bonbonon_Palao,200,235140.0,200.29048755,174,264.193548
38,2000,3000,4,28,R28_MariaCristina_Tipanoy,44,11333.0,43.97132081,174,264.193548
38,2000,3000,4,29,R29_Buruun_Tominobo,1,0.0,0.41304471,174,264.193548
38,2000,3000,4,30,R30_Tambacan_Luinab,25,3762.0,25.33415728,174,264.193548
38,2000,3000,4,31,R31_Center_Kiwalan,30,5234.0,29.88229343,174,264.193548
38,2000,3000,4,32,R32_Suarez_Tibanga,17,1720.0,17.13015491,174,264.193548
38,2000,3000,4,33,R33_Ditucalan_Palao,68,27382.0,68.34860419,174,264.193548
38,2000,3000,4,34,R34_UpperTominobo_Palao,60,21013.0,59.87438934,174,264.193548
38,2000,3000,4,35,R35_Buruun_Tipanoy,25,3745.0,25.27685155,174,264.193548
38,2000,3000,4,36,R36_Tubod_Kiwalan,126,92797.0,125.82415861,174,264.193548
38,2000,3000,4,37,R37_Palao_SantaFilomena,1,0.0,0.41304471,174,264.193548
38,2000,3000,5,0,R00_Tubod_Tibanga,10,594.0,9.93924020,185,272.472981
38,2000,3000,5,1,R01_Tubod_Tominobo,25,3731.0,24.90993466,185,272.472981
38,2000,3000,5,2,R02_Palao_Kiwalan,64,25081.0,64.58510768,185,272.472981
38,2000,3000,5,3,R03_Buruun_Palao,120,86550.0,119.97575731,185,272.472981
38,2000,3000,5,4,R04_Tambacan_Tibanga,1,0.0,0.40781197,185,272.472981
38,2000,3000,5,5,R05_Tubod_Tipanoy,31,5848.0,31.18628517,185,272.472981
38,2000,3000,5,6,R06_MariaCristina_Tubod,1,0.0,0.40781197,185,272.472981
38,2000,3000,5,7,R07_Palao_Luinab,33,6740.0,33.48034404,185,272.472981
38,2000,3000,5,8,R08_Dalipuga_Palao,145,126300.0,144.93111693,185,272.472981
38,2000,3000,5,9,R09_Buruun_Tubod,24,3388.0,23.73731892,185,272.472981
38,2000,3000,5,10,R10_Tominobo_Tibanga,13,1074.0,13.36478894,185,272.472981
38,2000,3000,5,11,R11_Tipanoy_Palao,130,102277.0,130.42142897,185,272.472981
38,2000,3000,5,12,R12_Luinab_Tibanga,20,2384.0,19.91191774,185,272.472981
38,2000,3000,5,13,R13_Bonbonon_Kiwalan,108,70983.0,108.65185341,185,272.472981
38,2000,3000,5,14,R14_Ditucalan_Tubod,74,32919.0,73.99174689,185,272.472981
38,2000,3000,5,15,R15_VillaVerde_Palao,11,708.0,10.85117063,185,272.472981
38,2000,3000,5,16,R16_UpperTominobo_Tubod,30,5304.0,29.70036055,185,272.472981
38,2000,3000,5,17,R17_BagongSilang_Palao,4,116.0,4.39226929,185,272.472981
38,2000,3000,5,18,R18_SanMiguel_Tibanga,6,218.0,6.02127151,185,272.472981
38,2000,3000,5,19,R19_DelCarmen_Luinab,1,0.0,0.40781197,185,272.472981
38,2000,3000,5,20,R20_Pugaan_Tibanga,69,28607.0,68.97570083,185,272.472981
38,2000,3000,5,21,R21_Abuno_Tubod,28,4748.0,28.10058227,185,272.472981
38,2000,3000,5,22,R22_SantaFilomena_Tibanga,1,0.0,0.40781197,185,272.472981
38,2000,3000,5,23,R23_Acmac_Kiwalan,1,0.0,0.40781197,185,272.472981
38,2000,3000,5,24,R24_Kabacsanan_Kiwalan,222,297933.0,222.59698042,185,272.472981
38,2000,3000,5,25,R25_Bunawan_Dalipuga,184,204347.0,184.35040541,185,272.472981
38,2000,3000,5,26,R26_Dalipuga_Tibanga,27,4425.0,27.12792658,185,272.472981
38,2000,3000,5,27,R27_Bonbonon_Palao,198,235893.0,198.06944774,185,272.472981
38,2000,3000,5,28,R28_MariaCristina_Tipanoy,41,10005.0,40.79139055,185,272.472981
38,2000,3000,5,29,R29_Buruun_Tominobo,1,0.0,0.40781197,185,272.472981
38,2000,3000,5,30,R30_Tambacan_Luinab,26,4185.0,26.38199873,185,272.472981
38,2000,3000,5,31,R31_Center_Kiwalan,30,5332.0,29.77865198,185,272.472981
38,2000,3000,5,32,R32_Suarez_Tibanga,23,3142.0,22.85930668,185,272.472981
38,2000,3000,5,33,R33_Ditucalan_Palao,79,38003.0,79.50032512,185,272.472981
38,2000,3000,5,34,R34_UpperTominobo_Palao,71,30890.0,71.67520075,185,272.472981
38,2000,3000,5,35,R35_Buruun_Tipanoy,24,3515.0,24.17812556,185,272.472981
38,2000,3000,5,36,R36_Tubod_Kiwalan,123,90536.0,122.70736078,185,272.472981
38,2000,3000,5,37,R37_Palao_SantaFilomena,1,0.0,0.40781197,185,272.472981
38,2000,3000,6,0,R00_Tubod_Tibanga,8,443.0,8.56048762,179,270.714357
38,2000,3000,6,1,R01_Tubod_Tominobo,26,4144.0,26.18222276,179,270.714357
38,2000,3000,6,2,R02_Palao_Kiwalan,67,27143.0,67.00783150,179,270.714357
38,2000,3000,6,3,R03_Buruun_Palao,124,93275.0,124.21649454,179,270.714357
38,2000,3000,6,4,R04_Tambacan_Tibanga,4,121.0,4.47393145,179,270.714357
38,2000,3000,6,5,R05_Tubod_Tipanoy,29,5091.0,29.02005216,179,270.714357
38,2000,3000,6,6,R06_MariaCristina_Tubod,1,0.0,0.40672104,179,270.714357
38,2000,3000,6,7,R07_Palao_Luinab,29,4998.0,28.75376812,179,270.714357
38,2000,3000,6,8,R08_Dalipuga_Palao,143,123939.0,143.18602543,179,270.714357
38,2000,3000,6,9,R09_Buruun_Tubod,31,5882.0,31.19314401,179,270.714357
38,2000,3000,6,10,R10_Tominobo_Tibanga,11,720.0,10.91347074,179,270.714357
38,2000,3000,6,11,R11_Tipanoy_Palao,136,112209.0,136.24183557,179,270.714357
38,2000,3000,6,12,R12_Luinab_Tibanga,16,1486.0,15.67855540,179,270.714357
38,2000,3000,6,13,R13_Bonbonon_Kiwalan,105,67214.0,105.44512622,179,270.714357
38,2000,3000,6,14,R14_Ditucalan_Tubod,74,33620.0,74.57538339,179,270.714357
38,2000,3000,6,15,R15_VillaVerde_Palao,9,544.0,9.48628329,179,270.714357
38,2000,3000,6,16,R16_UpperTominobo_Tubod,30,5364.0,29.78797803,179,270.714357
38,2000,3000,6,17,R17_BagongSilang_Palao,4,96.0,3.98503607,179,270.714357
38,2000,3000,6,18,R18_SanMiguel_Tibanga,5,160.0,5.14465944,179,270.714357
38,2000,3000,6,19,R19_DelCarmen_Luinab,1,0.0,0.40672104,179,270.714357
38,2000,3000,6,20,R20_Pugaan_Tibanga,70,29599.0,69.97375169,179,270.714357
38,2000,3000,6,21,R21_Abuno_Tubod,33,6637.0,33.13466232,179,270.714357
38,2000,3000,6,22,R22_SantaFilomena_Tibanga,1,0.0,0.40672104,179,270.714357
38,2000,3000,6,23,R23_Acmac_Kiwalan,1,0.0,0.40672104,179,270.714357
38,2000,3000,6,24,R24_Kabacsanan_Kiwalan,225,304922.0,224.59031281,179,270.714357
38,2000,3000,6,25,R25_Bunawan_Dalipuga,171,177155.0,171.18801154,179,270.714357
38,2000,3000,6,26,R26_Dalipuga_Tibanga,34,7224.0,34.56889591,179,270.714357
38,2000,3000,6,27,R27_Bonbonon_Palao,201,243724.0,200.79171484,179,270.714357
38,2000,3000,6,28,R28_MariaCristina_Tipanoy,41,10101.0,40.87698218,179,270.714357
38,2000,3000,6,29,R29_Buruun_Tominobo,1,0.0,0.40672104,179,270.714357
38,2000,3000,6,30,R30_Tambacan_Luinab,25,3826.0,25.15759510,179,270.714357
38,2000,3000,6,31,R31_Center_Kiwalan,28,4928.0,28.55170119,179,270.714357
38,2000,3000,6,32,R32_Suarez_Tibanga,19,2263.0,19.34812645,179,270.714357
38,2000,3000,6,33,R33_Ditucalan_Palao,77,35676.0,76.82184227,179,270.714357
38,2000,3000,6,34,R34_UpperTominobo_Palao,66,26099.0,65.70653627,179,270.714357
38,2000,3000,6,35,R35_Buruun_Tipanoy,29,5080.0,28.98868375,179,270.714357
38,2000,3000,6,36,R36_Tubod_Kiwalan,124,92963.0,124.00857168,179,270.714357
38,2000,3000,6,37,R37_Palao_SantaFilomena,1,0.0,0.40672104,179,270.714357
