Best_Parent,Worst_Parent,Child_Cost,Status
199.54938955823798,718.1581771480438,495.1792378128176,Interpolation (In between)
208.12577793924896,446.2280583852989,288.8413999846744,Interpolation (In between)
208.86303236557927,612.2829234687614,454.8570996828439,Interpolation (In between)
219.17996052604568,507.604961750919,348.6818861807368,Interpolation (In between)
219.34641357339984,837.7013018181626,824.5148544751894,Interpolation (In between)
221.61333709498854,398.2122116934146,365.4553245347887,Interpolation (In between)
229.67783210442178,573.3710822666277,562.0640714848555,Interpolation (In between)
233.95579826505013,428.67565409234555,390.5310372766586,Interpolation (In between)
234.15234049142504,1804.0670833908637,874.033162231849,Interpolation (In between)
239.66060580073906,342.8369090011365,344.38735175075055,Destructive (Worse than both)
244.1460998072118,292.99329847627814,252.09190110388863,Interpolation (In between)
244.25190396784635,1804.0670833908637,879.9269116085927,Interpolation (In between)
244.70912397115515,348.4894961944285,358.6891793473965,Destructive (Worse than both)
248.538857332403,472.8861361020595,444.814286402333,Interpolation (In between)
250.26303977466165,750.5250466526907,376.6219536564611,Interpolation (In between)
251.79357922517363,1804.0670833908637,836.2783241092714,Interpolation (In between)
252.48552417649648,546.5968908009388,395.18791407403444,Interpolation (In between)
252.56582367608917,1804.0670833908637,864.3290721304705,Interpolation (In between)
253.5381829771061,417.67219122198566,377.2177297295132,Interpolation (In between)
254.60047963386552,576.0674699844801,444.4193610132245,Interpolation (In between)
255.44141428654368,1804.0670833908637,888.2168110673365,Interpolation (In between)
257.15738020795914,319.49142718099574,291.22880171152985,Interpolation (In between)
257.5714204324434,1804.0670833908637,927.9537446209216,Interpolation (In between)
257.5977982876745,334.52901418840656,358.73339987968996,Destructive (Worse than both)
258.02857047623945,534.6456666790007,431.8149238137537,Interpolation (In between)
259.06709276816986,496.2551394020534,307.15196143034336,Interpolation (In between)
259.35944436515854,1804.0670833908637,835.0455083732386,Interpolation (In between)
260.0228309601067,1804.0670833908637,886.7184234126516,Interpolation (In between)
261.14705241542185,486.4165710840164,502.98143060021556,Destructive (Worse than both)
262.095590043505,367.28432825487437,287.0166728506233,Interpolation (In between)
264.58299338386166,521.2889557446115,333.3163628122103,Interpolation (In between)
266.0199788276891,461.18562863997124,299.35933300808324,Interpolation (In between)
267.1158275338897,1804.0670833908637,821.6520019821572,Interpolation (In between)
267.2555171910402,543.6573618773546,470.1245282484516,Interpolation (In between)
268.46451772070793,1804.0670833908637,942.1068038422225,Interpolation (In between)
269.22049085756464,1804.0670833908637,914.0470450136141,Interpolation (In between)
272.44662068122346,1804.0670833908637,939.282057112121,Interpolation (In between)
272.8867739130585,1050.5617397780488,610.1036628210722,Interpolation (In between)
274.0109009999674,638.1340633512389,475.28257944973393,Interpolation (In between)
274.59854523494755,572.6554716905591,440.00025450044495,Interpolation (In between)
274.6130472479816,1804.0670833908637,917.1329862511166,Interpolation (In between)
276.1188669988195,378.58997728416523,328.6183377502665,Interpolation (In between)
277.6794325679579,484.3998824334391,412.235468439454,Interpolation (In between)
278.28977255359916,608.2488028569435,391.3680873373851,Interpolation (In between)
278.9541128404218,1804.0670833908637,947.5497769315111,Interpolation (In between)
278.97410347088055,1804.0670833908637,1034.4517744004734,Interpolation (In between)
279.27754024878425,1804.0670833908637,905.48299558137,Interpolation (In between)
279.34009016404354,511.3982204654573,471.0156782092165,Interpolation (In between)
279.38972746021193,332.4419861573883,275.4751107057126,Synergy (Better than both)
279.4977407534787,294.43110215729524,246.38237508866993,Synergy (Better than both)
281.2032051248898,561.0034301205438,289.7735313914741,Interpolation (In between)
281.42368622495826,287.79984493266005,327.3174729203308,Destructive (Worse than both)
283.7394900408859,710.535876468135,707.1130627638004,Interpolation (In between)
284.7448822834419,458.58849856629695,440.11085535096606,Interpolation (In between)
286.21755785343527,318.2223516793447,237.64893928215741,Synergy (Better than both)
286.61802735356264,558.8387875185281,476.79945065719744,Interpolation (In between)
287.6596660508469,305.69507138200737,357.66753163653067,Destructive (Worse than both)
289.3403813838061,1804.0670833908637,890.7038271728554,Interpolation (In between)
289.3445594876157,439.70075623315523,381.1173344336491,Interpolation (In between)
289.349490079425,359.5967925272458,368.0340857469256,Destructive (Worse than both)
290.1024444794779,1804.0670833908637,887.1452128357996,Interpolation (In between)
292.88141601361974,1804.0670833908637,881.0600696703827,Interpolation (In between)
293.51237789989335,583.4932477187659,372.73978748721964,Interpolation (In between)
295.48601847511884,695.9654821375639,602.3778877013981,Interpolation (In between)
295.49004885246916,483.6243931349982,313.60234065351796,Interpolation (In between)
295.6533703403339,1804.0670833908637,873.8532886037727,Interpolation (In between)
296.40481500560173,684.5516814456312,693.916035302642,Destructive (Worse than both)
296.7101307462224,389.66570379127324,403.23937764804634,Destructive (Worse than both)
297.47683420153027,875.782046066345,726.8616200818647,Interpolation (In between)
297.6079705471433,387.95351675661584,381.54765695027515,Interpolation (In between)
297.83527627628996,1009.9355399935662,556.6312402054375,Interpolation (In between)
297.9243121801999,390.44060696907184,466.4161181531099,Destructive (Worse than both)
298.3762822539993,492.3624037363714,297.08391103769924,Synergy (Better than both)
298.543599333145,1804.0670833908637,907.2097730263694,Interpolation (In between)
299.3566704752054,1804.0670833908637,852.7639598793019,Interpolation (In between)
299.8087169263591,731.3789067678053,585.0752711821583,Interpolation (In between)
300.07164009075973,359.9069682805293,359.4046251337561,Interpolation (In between)
300.5490361591073,1804.0670833908637,852.079038653055,Interpolation (In between)
302.5736842990302,1804.0670833908637,907.1939778535625,Interpolation (In between)
303.39193132420957,1804.0670833908637,929.7204395605459,Interpolation (In between)
303.4469184206213,415.81025556765326,403.1674135526579,Interpolation (In between)
303.5478147763672,428.26587294956187,355.06977757817583,Interpolation (In between)
304.0530867355878,705.0634723846817,561.6020515554783,Interpolation (In between)
304.2164155753842,1804.0670833908637,901.2881478525346,Interpolation (In between)
304.3164754158828,373.81594183130113,320.5844051095843,Interpolation (In between)
305.06305254369795,1804.0670833908637,881.5179017946502,Interpolation (In between)
305.3717273728382,783.7324603986872,521.8713715254428,Interpolation (In between)
305.5736680009303,1804.0670833908637,954.3748024531579,Interpolation (In between)
306.3925884330967,668.0197374614215,491.675102553921,Interpolation (In between)
306.66425274569934,584.3656340785918,542.8857761088136,Interpolation (In between)
306.76739197664506,1804.0670833908637,862.6045321061395,Interpolation (In between)
306.8035119265095,1804.0670833908637,902.1773936705397,Interpolation (In between)
307.08270936157237,617.1072503573671,494.1631290332235,Interpolation (In between)
307.14223802814627,1804.0670833908637,952.740252834333,Interpolation (In between)
308.97970074385097,1804.0670833908637,899.7341543705204,Interpolation (In between)
308.9930746317654,589.5548345361057,527.1490582152882,Interpolation (In between)
309.45530430634057,1804.0670833908637,899.4529758635698,Interpolation (In between)
309.8948901790029,1804.0670833908637,922.4396811230099,Interpolation (In between)
310.05183226161967,430.0185648506166,317.538508858771,Interpolation (In between)
310.73020717098825,480.803245433746,322.838948493918,Interpolation (In between)
311.04300745676824,405.5161236595925,390.72650658756953,Interpolation (In between)
311.06299390003744,566.7444708014891,441.6662036533719,Interpolation (In between)
311.68617443052847,594.677696077396,384.57223906070857,Interpolation (In between)
313.27889764340125,361.40640585564466,383.92281011914815,Destructive (Worse than both)
313.4699156777753,1804.0670833908637,799.3078936484692,Interpolation (In between)
314.1797659382529,403.49564685657276,322.44973945216657,Interpolation (In between)
315.00110252350396,551.2727728824018,517.9965407266623,Interpolation (In between)
315.5789101702344,469.05586639697367,362.300802559325,Interpolation (In between)
315.8421692558042,588.2691744659962,640.1012467360906,Destructive (Worse than both)
316.1143582071038,617.0592397997626,433.47994351169643,Interpolation (In between)
316.5586667992775,472.38240017663276,257.74939877727587,Synergy (Better than both)
316.8178119074346,457.6956102843867,348.26170287137734,Interpolation (In between)
317.9844607026888,645.219523419018,539.588076384822,Interpolation (In between)
318.7088786493222,468.8032854852814,326.519874101342,Interpolation (In between)
318.83722886745403,1804.0670833908637,854.2374721254992,Interpolation (In between)
318.8439157170999,423.20723452291577,380.10742167288106,Interpolation (In between)
318.974064353209,626.2239454951092,574.0376316631991,Interpolation (In between)
319.1925386442439,502.44837822343374,357.9200000980914,Interpolation (In between)
319.7053961695446,1804.0670833908637,1013.1396909634196,Interpolation (In between)
321.09465753976,326.69815050239254,341.4765985016779,Destructive (Worse than both)
321.73578453151435,584.6660813384516,582.5162624422544,Interpolation (In between)
321.8924570896358,697.3683726708507,515.2217713255716,Interpolation (In between)
323.18957855015503,339.5879398129043,327.61559388826663,Interpolation (In between)
325.06276022241457,383.5611699509253,327.11616302848256,Interpolation (In between)
325.9354679768427,1804.0670833908637,939.6874565737803,Interpolation (In between)
326.20159271235855,1804.0670833908637,896.32477697734,Interpolation (In between)
326.213247863848,437.4707373114385,415.37718815283375,Interpolation (In between)
326.4609936636524,671.8594678494599,617.5259687295184,Interpolation (In between)
327.34298948805395,543.8858986491298,432.29191097885746,Interpolation (In between)
327.3607990464683,491.17472341931455,386.172573282999,Interpolation (In between)
328.540132487381,1804.0670833908637,898.6378783285202,Interpolation (In between)
328.6454298865835,642.7760397225114,590.3449748258959,Interpolation (In between)
328.91693242601434,1804.0670833908637,899.4201374133518,Interpolation (In between)
328.95371366568475,1804.0670833908637,1000.0394645429108,Interpolation (In between)
329.2186488080013,787.9935049967917,665.5562875316139,Interpolation (In between)
329.59614004996934,1804.0670833908637,893.0573265354107,Interpolation (In between)
329.6175882340004,425.7567931822988,440.1426686914241,Destructive (Worse than both)
329.9756687798521,497.4498697284857,289.7632912490428,Synergy (Better than both)
330.404770994929,1804.0670833908637,899.1295728840037,Interpolation (In between)
330.898225658951,572.9042405905841,528.4211887679547,Interpolation (In between)
332.4501005785661,1804.0670833908637,853.4442169333377,Interpolation (In between)
332.93531696991914,446.33933845288135,304.5545668430314,Synergy (Better than both)
333.2721865675469,400.1323851348585,371.8343188958952,Interpolation (In between)
333.8625031678161,875.5209443861137,598.2783488057698,Interpolation (In between)
334.0962042411945,760.8342274582401,633.3735193958969,Interpolation (In between)
334.1295618502603,531.6407066029174,465.47728709433693,Interpolation (In between)
334.2839204572618,589.4246317815739,465.38464631720495,Interpolation (In between)
334.30905517316967,464.79294359447874,582.4815927936621,Destructive (Worse than both)
334.3945337072512,1804.0670833908637,817.4183497672484,Interpolation (In between)
336.4545350050977,522.2658718001751,327.97629741635194,Synergy (Better than both)
336.79261304783364,531.4603030699053,395.1463914845027,Interpolation (In between)
336.9838486535423,426.75568880179696,313.2937354677104,Synergy (Better than both)
337.67810274897073,1804.0670833908637,923.1120987474546,Interpolation (In between)
338.03100715431833,430.39793572671783,409.8111541575951,Interpolation (In between)
338.3715551157137,584.0538914876336,419.7678601050891,Interpolation (In between)
338.9281186159084,815.1050637228524,607.6205135184616,Interpolation (In between)
339.11918121224636,1804.0670833908637,866.3705130019312,Interpolation (In between)
339.5260664381997,441.1670413642667,386.21931313803765,Interpolation (In between)
339.74294497065114,565.270684357723,366.2339948106355,Interpolation (In between)
339.81447129838443,552.6419419583101,303.4640990568238,Synergy (Better than both)
339.8981942586931,490.0525033493318,447.46013154030044,Interpolation (In between)
340.50783731691865,483.83711047639804,354.2467526760838,Interpolation (In between)
341.20942788316205,541.9754972590418,478.45455580684757,Interpolation (In between)
341.4230321940448,1804.0670833908637,820.1510884375589,Interpolation (In between)
341.9510370564225,652.1232041437245,546.2733595578176,Interpolation (In between)
341.9669487370526,352.5312337709304,353.9991048397136,Destructive (Worse than both)
342.2390523607103,658.9844224975468,485.9234061244057,Interpolation (In between)
342.2468157939028,520.4828677881729,515.4101917579469,Interpolation (In between)
342.6044627686295,392.27945153979994,352.23952637375913,Interpolation (In between)
342.894084351438,1804.0670833908637,827.2991132372358,Interpolation (In between)
342.92778390579326,448.81320048472253,546.8043524754225,Destructive (Worse than both)
344.1588347904217,676.3961464708677,391.4772102381655,Interpolation (In between)
344.8407371089704,1804.0670833908637,952.4126254668208,Interpolation (In between)
344.8761610891872,1804.0670833908637,917.3683512669222,Interpolation (In between)
345.5436337060886,1804.0670833908637,888.9808378302275,Interpolation (In between)
346.4451291559296,471.5544377164616,382.874044715837,Interpolation (In between)
346.8770601428164,1804.0670833908637,900.9691208398101,Interpolation (In between)
346.88669812386735,922.0760427925665,631.0719030209304,Interpolation (In between)
347.49230808666744,1804.0670833908637,971.0382069238894,Interpolation (In between)
347.6694533124182,438.7396961255781,386.53976378492166,Interpolation (In between)
347.84096983389156,687.5363753341823,565.6517743928225,Interpolation (In between)
347.8842832512508,1804.0670833908637,871.8579836831788,Interpolation (In between)
347.90688309353783,474.36583244227955,526.6676930278484,Destructive (Worse than both)
347.93546998545855,523.6048977529747,391.6733288462843,Interpolation (In between)
348.1147678658595,1804.0670833908637,920.7427727031343,Interpolation (In between)
348.32139680836224,402.3517143691412,362.2030668601234,Interpolation (In between)
348.85841256189303,1066.280076183337,703.9448293064553,Interpolation (In between)
349.011723209757,610.2260178419281,569.2983608649504,Interpolation (In between)
349.51526326769175,1804.0670833908637,948.875906438673,Interpolation (In between)
349.68574806488766,1804.0670833908637,932.686397014247,Interpolation (In between)
350.16846256844815,1804.0670833908637,829.4029264069643,Interpolation (In between)
350.8137969350334,432.0943560205161,439.1802289383571,Destructive (Worse than both)
350.9380229749215,414.92522160869134,374.32741768782546,Interpolation (In between)
351.0468182496062,1804.0670833908637,938.0436048693371,Interpolation (In between)
351.38079548352647,554.4061975091603,577.8298086675825,Destructive (Worse than both)
351.6930667490275,1804.0670833908637,872.5702856340274,Interpolation (In between)
352.2246389116941,835.3673988331401,329.93255896243124,Synergy (Better than both)
352.61390533378994,1804.0670833908637,881.4347605024095,Interpolation (In between)
352.67818874213464,1804.0670833908637,899.099223436797,Interpolation (In between)
353.16062763218576,662.2351457657808,505.76637760051585,Interpolation (In between)
353.2955778322628,500.41860241450644,458.71763423325274,Interpolation (In between)
353.82986796964366,571.5339918076622,614.7263299795238,Destructive (Worse than both)
353.92534061911897,901.1219466353793,646.4084574268205,Interpolation (In between)
354.78029361076347,469.6324821876383,383.97769612306354,Interpolation (In between)
355.0102322367991,724.4812971849744,641.5732491514675,Interpolation (In between)
355.750229065512,1804.0670833908637,933.3526869539271,Interpolation (In between)
356.8167429288815,902.5738515563389,442.7335229663611,Interpolation (In between)
357.2498259090295,434.19116037603146,390.0829866717629,Interpolation (In between)
357.6925707125253,428.22367116259335,376.4482513542962,Interpolation (In between)
357.744183706683,484.19844301022465,561.9830853868604,Destructive (Worse than both)
357.79943463397404,482.41031375822746,453.40743456183554,Interpolation (In between)
358.46115946582006,568.4674878515273,602.949629443665,Destructive (Worse than both)
358.7925030371557,1804.0670833908637,872.1649003094428,Interpolation (In between)
359.3683306719238,450.62127098246526,387.1866437946552,Interpolation (In between)
359.5845300515497,495.9295303834199,539.1628279013494,Destructive (Worse than both)
359.59135367443525,1804.0670833908637,937.9979523321487,Interpolation (In between)
359.83322496246365,1804.0670833908637,881.2489948383038,Interpolation (In between)
360.02258411145044,522.9209008250216,622.0216876123659,Destructive (Worse than both)
360.0723045108914,664.1258099342485,487.0649196933442,Interpolation (In between)
360.20190152395946,727.1554234260709,376.16592865438133,Interpolation (In between)
360.22398563395234,1804.0670833908637,1012.4430566180297,Interpolation (In between)
360.41211899866437,405.4919701491825,396.3391577196844,Interpolation (In between)
360.5093691840442,419.0916857830371,377.12850298214244,Interpolation (In between)
360.5144692861323,424.41188699830786,390.95664142109433,Interpolation (In between)
361.041188667905,668.1220822969036,475.55537729186807,Interpolation (In between)
361.4162429207928,1804.0670833908637,939.2939777298549,Interpolation (In between)
361.4763760333994,1804.0670833908637,844.4958312395484,Interpolation (In between)
361.7831682473451,1804.0670833908637,861.1788376510086,Interpolation (In between)
361.7996958987103,1804.0670833908637,972.7138296198322,Interpolation (In between)
362.1253336968931,1804.0670833908637,996.7460711783202,Interpolation (In between)
362.65613681390687,1804.0670833908637,872.3555479776064,Interpolation (In between)
363.0510923219107,1804.0670833908637,804.3179043994901,Interpolation (In between)
363.5081474400049,613.4779832928554,497.81961819415864,Interpolation (In between)
363.77096412377546,570.3366137784615,376.33629344938504,Interpolation (In between)
363.96116556791605,469.6727520698205,421.62224958374577,Interpolation (In between)
363.96250735557544,437.1084213631922,297.11893347575176,Synergy (Better than both)
363.96670175139616,1804.0670833908637,981.541188245645,Interpolation (In between)
363.99111237014887,426.3213332087496,417.38593559699746,Interpolation (In between)
364.2014924388442,823.6570650141621,453.2835733549996,Interpolation (In between)
364.3617000965594,1804.0670833908637,908.2628961259369,Interpolation (In between)
364.4332433083264,1804.0670833908637,892.1521689508584,Interpolation (In between)
365.05494241712995,597.6038486040507,470.66780261073853,Interpolation (In between)
365.19423415093814,1804.0670833908637,902.1161145246406,Interpolation (In between)
365.51082177148425,743.1012683635611,647.5656064034395,Interpolation (In between)
366.39602582907946,587.3065510157594,557.4445666891647,Interpolation (In between)
366.4993314797561,461.917653930754,480.6726850041375,Destructive (Worse than both)
366.6031369188047,523.5179600358463,312.0972715479632,Synergy (Better than both)
366.63151714583364,1804.0670833908637,813.1177293429216,Interpolation (In between)
366.78558104719,1804.0670833908637,958.1141200201263,Interpolation (In between)
366.9308513061808,1804.0670833908637,1035.5326780469045,Interpolation (In between)
366.9570800545481,547.3524317533245,593.2027796945405,Destructive (Worse than both)
366.96732944837356,1804.0670833908637,880.6798136293421,Interpolation (In between)
367.1443661905033,384.7197055425983,392.0334586114494,Destructive (Worse than both)
367.2168623410196,478.0153323786684,348.7448005201941,Synergy (Better than both)
367.44249418453296,1804.0670833908637,952.2881607784427,Interpolation (In between)
367.7453402347194,1804.0670833908637,940.9161479639773,Interpolation (In between)
368.8225556321204,610.6169437992968,619.349425948435,Destructive (Worse than both)
368.88384539225876,380.1296670934709,393.57348168152083,Destructive (Worse than both)
369.07019832837517,1804.0670833908637,1018.5199597118919,Interpolation (In between)
369.94107724549747,451.2844839120113,519.0934442882152,Destructive (Worse than both)
370.07361581115333,439.73621322151143,358.32584818328473,Synergy (Better than both)
370.21994630758684,494.39382691211455,407.4265369512424,Interpolation (In between)
370.24036611116753,1804.0670833908637,905.9417586778247,Interpolation (In between)
370.5952202132808,1804.0670833908637,1023.8793412104656,Interpolation (In between)
370.7410957986731,1804.0670833908637,876.8473776357123,Interpolation (In between)
371.3471529825505,754.9063009531769,646.2477852237053,Interpolation (In between)
371.56977262542995,1804.0670833908637,911.4730087181695,Interpolation (In between)
371.5730141615087,1804.0670833908637,942.432712096883,Interpolation (In between)
371.7356531019402,789.5643620754627,547.2459483134043,Interpolation (In between)
371.8239106873559,673.0252762706846,485.0571417939966,Interpolation (In between)
372.19009273653273,1804.0670833908637,966.8529440367067,Interpolation (In between)
372.24408425433535,412.0478592765098,289.90660876064396,Synergy (Better than both)
372.339660285646,641.6971860176875,377.1252124976049,Interpolation (In between)
373.0302022094352,1804.0670833908637,938.2590691111011,Interpolation (In between)
373.06348248420346,536.413478815811,421.30888369388515,Interpolation (In between)
373.5293886934154,944.2218366960589,683.275170935884,Interpolation (In between)
373.5676504307987,1804.0670833908637,883.7573501928371,Interpolation (In between)
373.5855849733624,703.6943172356077,530.1282395563337,Interpolation (In between)
373.84188095380375,1804.0670833908637,1025.4863937517844,Interpolation (In between)
373.9815846604001,518.9088116391399,411.2429294309297,Interpolation (In between)
374.623191622573,1804.0670833908637,955.8132666299343,Interpolation (In between)
374.8185099259043,1804.0670833908637,946.6928987604846,Interpolation (In between)
375.0756424572908,542.3621405702552,358.9177158160864,Synergy (Better than both)
375.07742097576494,508.65371978551764,278.24346464908234,Synergy (Better than both)
375.8179621817964,752.6507098014067,752.8430732123772,Destructive (Worse than both)
375.84018669231705,441.58202103369604,398.0445006244343,Interpolation (In between)
375.862390257019,1804.0670833908637,967.4194878924254,Interpolation (In between)
375.9716867004262,1804.0670833908637,892.6537044751806,Interpolation (In between)
376.79873171591026,402.82840185963266,408.72755144748464,Destructive (Worse than both)
376.93523584831155,578.1456716203611,574.7792256000382,Interpolation (In between)
377.3637480509885,1804.0670833908637,918.8352002161732,Interpolation (In between)
377.8430060831567,1804.0670833908637,877.8178462646974,Interpolation (In between)
377.99641767535354,554.8440136170234,430.9322842772681,Interpolation (In between)
378.4467300203937,398.3744545631106,357.9583858224029,Synergy (Better than both)
378.4680469931373,1804.0670833908637,871.35796633464,Interpolation (In between)
378.48732533962124,1804.0670833908637,918.4506715583786,Interpolation (In between)
378.71603969160117,1804.0670833908637,962.630488988691,Interpolation (In between)
379.3858287747148,704.3424164033097,462.3815934568204,Interpolation (In between)
379.3911865804623,1804.0670833908637,906.8549127944148,Interpolation (In between)
379.4444327332632,1804.0670833908637,941.2299566429158,Interpolation (In between)
379.5412686961464,621.9077947201502,307.4361581333069,Synergy (Better than both)
379.59929477956155,592.0509992822365,693.8082896025659,Destructive (Worse than both)
380.14336458909355,596.1373671888341,637.4284375408365,Destructive (Worse than both)
380.32951094993905,527.1640360157089,528.7306485306236,Destructive (Worse than both)
380.37848419413695,1804.0670833908637,869.2191910767378,Interpolation (In between)
380.8827794851017,499.19919751486447,469.8789663429847,Interpolation (In between)
381.4236077335322,742.8414271105693,651.8266811974834,Interpolation (In between)
381.60276497672487,556.8786686939458,550.643257445852,Interpolation (In between)
381.8736826812552,529.5183887800387,412.9036192179994,Interpolation (In between)
382.04953220068995,1804.0670833908637,879.4344191668752,Interpolation (In between)
382.3340136307785,733.8102108016166,669.0757845100065,Interpolation (In between)
382.7106878874739,1804.0670833908637,961.1808531131591,Interpolation (In between)
382.8761365572414,1804.0670833908637,958.740911260071,Interpolation (In between)
383.07222012279124,1804.0670833908637,980.9278967364523,Interpolation (In between)
383.33001494943784,522.6451094038912,370.55787407862863,Synergy (Better than both)
383.4768417949849,1804.0670833908637,867.2222181337213,Interpolation (In between)
383.50012640322285,552.0014567064778,294.95345839293145,Synergy (Better than both)
384.17584540639746,1804.0670833908637,839.1194046875121,Interpolation (In between)
384.2268242043224,1804.0670833908637,993.0478802021642,Interpolation (In between)
384.34240004440653,1804.0670833908637,942.8527191541025,Interpolation (In between)
385.69504848014753,646.4138950557603,598.6102023562196,Interpolation (In between)
385.98749276652217,1804.0670833908637,966.6245562555807,Interpolation (In between)
386.2964213926428,770.7711136112662,466.864569582851,Interpolation (In between)
386.43592836426393,1804.0670833908637,963.2663053879423,Interpolation (In between)
386.6383273884072,1804.0670833908637,911.8144978442033,Interpolation (In between)
386.8368783242302,462.54413577634375,405.14361242502264,Interpolation (In between)
386.9176641767493,1804.0670833908637,876.9183531218299,Interpolation (In between)
387.11000547626776,1804.0670833908637,923.0116892487099,Interpolation (In between)
387.728698186575,429.2654925886793,400.7013975630675,Interpolation (In between)
387.9887464323805,434.1907709005827,400.9889547436994,Interpolation (In between)
388.19156146741824,412.32154046937364,337.07286686573684,Synergy (Better than both)
388.35020763355885,498.81220757460085,523.567447025573,Destructive (Worse than both)
389.39855207137043,1804.0670833908637,1005.3549453661416,Interpolation (In between)
389.4097017277438,1804.0670833908637,943.9606161445288,Interpolation (In between)
389.83352299366265,1804.0670833908637,1075.547696446253,Interpolation (In between)
390.0011621394602,1804.0670833908637,961.967595243746,Interpolation (In between)
390.05232243194666,442.7260814794679,273.010313682783,Synergy (Better than both)
390.50674046649885,432.767134495622,392.2432699085783,Interpolation (In between)
390.7373707857769,1804.0670833908637,924.1399433489798,Interpolation (In between)
390.84861814726514,839.6432987398782,665.4906038367451,Interpolation (In between)
391.0630609865012,594.179124466792,513.7042449853509,Interpolation (In between)
391.3394616552898,535.6528758309515,331.6409166540725,Synergy (Better than both)
391.6271752346281,1804.0670833908637,975.9815245669041,Interpolation (In between)
392.0502105777209,473.7978744280856,327.98395061664735,Synergy (Better than both)
392.30505485840325,723.4285382329742,840.0548132277706,Destructive (Worse than both)
392.4738383414226,975.7641697906743,396.6638457669477,Interpolation (In between)
392.4807291268336,617.840200980954,381.24800802025305,Synergy (Better than both)
392.5525171258385,1804.0670833908637,1030.4946889042594,Interpolation (In between)
393.05259769745686,532.4302390019923,359.4276556982706,Synergy (Better than both)
393.0845674183512,1804.0670833908637,935.7092489090096,Interpolation (In between)
393.6985671111088,676.3818491782318,386.9969828850094,Synergy (Better than both)
394.12937702192517,1804.0670833908637,1030.2412318196898,Interpolation (In between)
394.24932880826515,641.0441392141299,366.62790422938826,Synergy (Better than both)
394.5031925576058,465.6026989670031,471.5826915606111,Destructive (Worse than both)
394.5818067291035,402.3541201377544,321.47425030822217,Synergy (Better than both)
394.95290499577834,1804.0670833908637,893.1219744457904,Interpolation (In between)
394.95959498968705,608.5538622448412,473.5060805378205,Interpolation (In between)
395.1328972578059,1804.0670833908637,993.2066631142864,Interpolation (In between)
395.60257765401695,448.6680510716401,446.2856246363529,Interpolation (In between)
395.7695509658661,634.6606314364951,552.086861280357,Interpolation (In between)
395.96694613409977,1804.0670833908637,884.7582776294994,Interpolation (In between)
396.37345899583806,466.6132879777891,404.6179197328455,Interpolation (In between)
396.57000436485447,1804.0670833908637,974.938368878554,Interpolation (In between)
397.76734956060636,789.3981730823593,627.6228603813596,Interpolation (In between)
398.3231871123551,427.34819911675464,395.9095513106301,Synergy (Better than both)
398.89138889445223,1804.0670833908637,949.6890056104082,Interpolation (In between)
399.0645272515054,535.2625065736847,433.71021995296985,Interpolation (In between)
399.3726588635958,1804.0670833908637,891.6412135803959,Interpolation (In between)
399.5067673104613,529.4361231049154,415.1875259558864,Interpolation (In between)
400.08681226440365,1804.0670833908637,863.2837638259452,Interpolation (In between)
400.13835790271435,1804.0670833908637,945.7347054404236,Interpolation (In between)
400.9182909940091,479.4120820967804,402.4820222412627,Interpolation (In between)
401.3084458989781,1804.0670833908637,989.3771603087744,Interpolation (In between)
401.40286849251254,1804.0670833908637,889.6742666726755,Interpolation (In between)
401.54332658507786,519.9572210198436,487.52419727539086,Interpolation (In between)
401.96424225702987,1804.0670833908637,941.8914225979372,Interpolation (In between)
402.7782658540914,1804.0670833908637,844.8852172924574,Interpolation (In between)
402.9095855679574,474.95062169910364,409.7777876581976,Interpolation (In between)
402.93522686840726,1804.0670833908637,1003.2677552401237,Interpolation (In between)
403.09258376579334,447.9469361985593,440.12830157530834,Interpolation (In between)
403.46113838181344,624.9813083245931,535.3592078789368,Interpolation (In between)
403.65708731170804,549.5218115614739,587.9220405315226,Destructive (Worse than both)
403.8340436492356,492.50536683243956,417.23261115789626,Interpolation (In between)
403.83466459613663,422.140076701089,276.48165405026936,Synergy (Better than both)
404.2918751832974,444.5107347022391,640.9964105165859,Destructive (Worse than both)
405.6374072572737,440.31713053057655,448.344281177241,Destructive (Worse than both)
405.7159695083491,1804.0670833908637,831.3852457677219,Interpolation (In between)
406.6166753391946,413.7602652537461,407.1630728231547,Interpolation (In between)
406.62699101863,1804.0670833908637,975.5004414483619,Interpolation (In between)
407.33603062461236,622.4636758130073,562.5854348203015,Interpolation (In between)
407.33637690278067,832.8492301872352,574.1001667370813,Interpolation (In between)
407.3399371048485,1804.0670833908637,942.0061316524623,Interpolation (In between)
407.5570615466339,625.9779756085229,678.8028207033409,Destructive (Worse than both)
408.7433992371793,621.5918167318429,480.2127797134064,Interpolation (In between)
408.7798027817811,821.2179132285612,470.8364227200425,Interpolation (In between)
409.42828546153606,522.727463711479,504.43433720136045,Interpolation (In between)
409.53344828533636,702.0302821431175,431.24267209419196,Interpolation (In between)
409.96776386719216,696.199694537481,641.738665170473,Interpolation (In between)
410.426862159454,1804.0670833908637,913.1973741136483,Interpolation (In between)
410.64114481236373,1804.0670833908637,918.5070644668411,Interpolation (In between)
410.738004535676,484.48391553477006,376.71653738569387,Synergy (Better than both)
411.0963961793588,800.0446249182369,498.99554567634254,Interpolation (In between)
411.12588251515103,497.6477855181004,516.3460825601757,Destructive (Worse than both)
411.6418082817207,823.7224598318431,526.9621004650738,Interpolation (In between)
412.2926808047491,419.99544359954314,337.68765871762525,Synergy (Better than both)
412.39731225847277,637.8966849926173,559.1466897896925,Interpolation (In between)
412.71092439216295,1804.0670833908637,918.6443847598559,Interpolation (In between)
412.80793837795716,1804.0670833908637,938.5868159692102,Interpolation (In between)
412.93718409360656,777.2122395912934,353.4685759785038,Synergy (Better than both)
413.3766126912843,1804.0670833908637,939.2599525635438,Interpolation (In between)
413.42269852092863,1804.0670833908637,828.4523968042448,Interpolation (In between)
413.5188426652756,1804.0670833908637,869.2463145610593,Interpolation (In between)
413.71299988583814,1804.0670833908637,888.7707692600022,Interpolation (In between)
413.8070357671288,506.4043834630728,497.0841603791141,Interpolation (In between)
414.4056700219906,542.7883541217938,385.63413511893145,Synergy (Better than both)
414.85899359871826,441.09045606903777,492.50735328957285,Destructive (Worse than both)
415.05124508197616,592.5669133112522,654.8208708516754,Destructive (Worse than both)
415.31824298901597,1804.0670833908637,993.0367478880057,Interpolation (In between)
415.3654205938602,569.0382595111705,482.06980442385793,Interpolation (In between)
415.48393530624753,1804.0670833908637,915.4338171156187,Interpolation (In between)
416.18348597055706,1804.0670833908637,956.3839017600654,Interpolation (In between)
416.3705642234796,630.88675840039,611.2644552060673,Interpolation (In between)
416.9463629392868,1804.0670833908637,916.1628981133333,Interpolation (In between)
417.0170641433383,898.2461836957102,648.1007245083579,Interpolation (In between)
417.2808612762283,438.4246725070236,391.76090899721737,Synergy (Better than both)
417.8502578380537,524.7745436246662,363.61770225517466,Synergy (Better than both)
418.2763148966199,1804.0670833908637,874.9130888068796,Interpolation (In between)
418.2869507558521,1804.0670833908637,1031.805411523384,Interpolation (In between)
418.4977220755444,1804.0670833908637,969.3282451168109,Interpolation (In between)
419.8126344874993,1804.0670833908637,1063.1811365553913,Interpolation (In between)
419.915322220978,1804.0670833908637,943.4407047623304,Interpolation (In between)
420.52998869555915,505.0775741733528,450.21262314607463,Interpolation (In between)
420.8419967843165,1804.0670833908637,1070.90846385861,Interpolation (In between)
421.24046522968024,1804.0670833908637,964.2809851651964,Interpolation (In between)
421.5883247077325,658.3883310462775,307.8940837005597,Synergy (Better than both)
421.63952444219285,1804.0670833908637,850.0769584703838,Interpolation (In between)
421.69421035496754,586.7268662245235,656.3914460445475,Destructive (Worse than both)
421.8481899955656,1804.0670833908637,919.7973950815301,Interpolation (In between)
422.3724052018018,464.19197869994105,452.87730806632794,Interpolation (In between)
422.9141418798025,1804.0670833908637,861.6224236204644,Interpolation (In between)
423.00932822208324,1804.0670833908637,969.6939901542413,Interpolation (In between)
423.48844636691194,1804.0670833908637,1052.3053771924688,Interpolation (In between)
423.5669715526657,591.6026545080115,491.266421229327,Interpolation (In between)
423.69465158475043,537.9069336553232,585.2985486134901,Destructive (Worse than both)
423.7738095905925,1804.0670833908637,1112.1833369744693,Interpolation (In between)
424.4191131338008,759.3994032944479,631.8558472345795,Interpolation (In between)
424.7725349248052,1804.0670833908637,849.6209046998265,Interpolation (In between)
425.33432176027554,501.7377803075025,462.56606571115657,Interpolation (In between)
425.524912719087,501.31405881585374,476.2291492694518,Interpolation (In between)
425.90332343906175,770.1834800513485,434.8933240685873,Interpolation (In between)
426.1304932382134,479.59802917770185,460.7221083752418,Interpolation (In between)
426.41418199214013,467.2694091926609,562.3972688746542,Destructive (Worse than both)
427.0538609626848,736.8506262025651,579.9083635372002,Interpolation (In between)
427.5807457908473,486.35176226469497,503.22968364124563,Destructive (Worse than both)
428.46882540617935,1804.0670833908637,973.3412046198487,Interpolation (In between)
428.6213201410515,1804.0670833908637,1150.2301792625403,Interpolation (In between)
428.7339002238192,1804.0670833908637,981.9500929892456,Interpolation (In between)
428.9031814166711,1804.0670833908637,1066.9463214531702,Interpolation (In between)
429.04189447479087,802.7722113533684,531.9059118357852,Interpolation (In between)
429.04858666915027,1804.0670833908637,1030.1744819031562,Interpolation (In between)
429.5098898429254,1804.0670833908637,871.8957859784364,Interpolation (In between)
430.29199794236627,1804.0670833908637,927.7848164205438,Interpolation (In between)
430.4116226638005,1804.0670833908637,942.9078320312933,Interpolation (In between)
430.4432225093635,593.9641270346332,598.5660313601434,Destructive (Worse than both)
430.7991018114142,540.5247146689353,588.160464297873,Destructive (Worse than both)
431.10596270322276,554.5011329743196,560.4820651788598,Destructive (Worse than both)
431.26684040361465,1804.0670833908637,1032.9470810942394,Interpolation (In between)
431.34641776538274,564.2551962841759,546.679844720655,Interpolation (In between)
431.74349489331405,448.99653936197785,369.9238625343763,Synergy (Better than both)
432.16391549251944,475.2605839184757,441.293455840868,Interpolation (In between)
432.5595931893474,919.8486313520575,757.3541411420567,Interpolation (In between)
432.8117909095614,1804.0670833908637,972.2445545273679,Interpolation (In between)
433.0791544461457,1804.0670833908637,826.3624870876668,Interpolation (In between)
433.1426422408086,520.5874748635748,352.81535296490694,Synergy (Better than both)
433.73350257082666,664.266191245538,404.4016939730592,Synergy (Better than both)
433.9115007191639,1804.0670833908637,925.312236096996,Interpolation (In between)
433.97020721327146,1804.0670833908637,1043.0643903076736,Interpolation (In between)
434.06807136449646,1804.0670833908637,930.9728859685742,Interpolation (In between)
434.1922760415853,1804.0670833908637,1022.938702681629,Interpolation (In between)
434.26829725892344,560.6731489146096,364.9016398036053,Synergy (Better than both)
434.2924886655797,1804.0670833908637,980.5556858017876,Interpolation (In between)
434.39247524244377,469.2443395472687,587.0836241057842,Destructive (Worse than both)
434.79486173357003,1804.0670833908637,960.4925805200669,Interpolation (In between)
435.21395067751575,472.5395261082796,415.12292639924186,Synergy (Better than both)
435.4578046016147,508.7035129719609,473.1147497607642,Interpolation (In between)
435.5092352696537,1804.0670833908637,913.3237249585118,Interpolation (In between)
435.6466919400276,642.5704466485302,500.2804852973169,Interpolation (In between)
435.88677395064593,1804.0670833908637,962.4727848719112,Interpolation (In between)
435.8938072922288,606.7768429773621,339.0684837574863,Synergy (Better than both)
436.5684132702273,559.3721183896537,455.4702394197967,Interpolation (In between)
436.6276494148889,601.3364082907076,462.0726574894872,Interpolation (In between)
436.73626631882547,1804.0670833908637,877.1108073904566,Interpolation (In between)
436.81699821709674,493.440912539,475.72394128385713,Interpolation (In between)
436.90003142385,1804.0670833908637,886.3677545821505,Interpolation (In between)
436.9442813545438,1804.0670833908637,960.7396673310313,Interpolation (In between)
437.03621275797707,518.4749716223472,456.6263793554677,Interpolation (In between)
437.65653146032014,1804.0670833908637,1128.5828051286926,Interpolation (In between)
438.4526899807178,569.5856125817177,673.3519461918083,Destructive (Worse than both)
438.56121361260364,511.30634995795356,629.6316345561218,Destructive (Worse than both)
438.82273616206845,762.6327200393459,602.4823437128954,Interpolation (In between)
438.82746372629794,1804.0670833908637,937.7629903191716,Interpolation (In between)
438.89176986356415,739.6924286088961,664.5258350278409,Interpolation (In between)
438.927641917795,1804.0670833908637,1064.6587049858626,Interpolation (In between)
439.2317627824704,1804.0670833908637,1017.219539999599,Interpolation (In between)
439.37069736961166,1804.0670833908637,1000.7598106751752,Interpolation (In between)
439.65639378942365,1804.0670833908637,939.7000601262444,Interpolation (In between)
439.93012233694344,516.0933018716934,561.1058529702148,Destructive (Worse than both)
440.0205934844651,566.894379245781,444.91254851640514,Interpolation (In between)
440.0540597624373,1804.0670833908637,1059.437956755659,Interpolation (In between)
440.124376651172,1804.0670833908637,898.3405443640206,Interpolation (In between)
440.1868565072291,513.0882680596748,518.8545493349675,Destructive (Worse than both)
440.6094110630706,565.1475570151649,540.4936570096564,Interpolation (In between)
440.64000998022436,698.9838020529714,621.4898972766415,Interpolation (In between)
440.8701952893664,561.6214377971272,556.4185616203235,Interpolation (In between)
441.1937087558169,1804.0670833908637,833.4799982138392,Interpolation (In between)
441.42848392222504,792.8122364783724,660.4491507619996,Interpolation (In between)
441.5180675378406,904.3508655002959,553.362310907087,Interpolation (In between)
441.72491088591266,477.595774391457,352.0551833693444,Synergy (Better than both)
441.7631124655225,1804.0670833908637,1181.3260958192327,Interpolation (In between)
441.9382426763914,632.1144354375381,567.4264904990196,Interpolation (In between)
442.2480117661216,482.4403197510986,491.9301518212998,Destructive (Worse than both)
442.43091332270234,1221.7159338611955,1039.3841549854544,Interpolation (In between)
442.46228598208506,1804.0670833908637,911.51388160054,Interpolation (In between)
442.4628096956791,1804.0670833908637,983.4899689319991,Interpolation (In between)
442.68898480186954,492.88369168650945,439.20790146406523,Synergy (Better than both)
443.6518995209893,1804.0670833908637,832.71238744506,Interpolation (In between)
444.1245380425453,476.4976370379562,372.8567986176564,Synergy (Better than both)
444.64316143802887,564.2551699017914,316.4086641181035,Synergy (Better than both)
445.66890663447975,1804.0670833908637,1113.7384763954465,Interpolation (In between)
445.94292796656055,481.75790790516385,582.9066643398128,Destructive (Worse than both)
446.02565487281447,1804.0670833908637,1191.4055441784913,Interpolation (In between)
446.4048721776323,1804.0670833908637,965.8147326137397,Interpolation (In between)
446.6256958754957,550.9753183227087,361.191880288228,Synergy (Better than both)
446.6426280281426,1804.0670833908637,888.9309653639982,Interpolation (In between)
446.7060319851912,749.4658390867046,735.0230016825619,Interpolation (In between)
447.00863867380394,1804.0670833908637,909.9048666407368,Interpolation (In between)
447.3885971457114,1804.0670833908637,973.1173242167376,Interpolation (In between)
447.6523495799703,513.0059049089948,553.6756948903856,Destructive (Worse than both)
447.7960502406423,635.4183304581823,638.6721793020745,Destructive (Worse than both)
447.8285129343761,500.0849223142777,438.3522648616787,Synergy (Better than both)
448.0961314854328,489.9556453932732,317.75697423881934,Synergy (Better than both)
448.23020156608015,1804.0670833908637,1007.9053005828771,Interpolation (In between)
448.94060167556734,506.63928035147734,502.4392207544116,Interpolation (In between)
449.2039565391594,710.9955526645654,512.6048679385007,Interpolation (In between)
450.12547960479185,1804.0670833908637,1087.2111077204668,Interpolation (In between)
451.219395290988,477.32550077853176,546.9959832660245,Destructive (Worse than both)
451.8810114590839,1804.0670833908637,903.5880494636081,Interpolation (In between)
452.15593593195086,681.2191736641241,359.19565497466994,Synergy (Better than both)
452.62254172635903,523.0785512071246,513.272818213187,Interpolation (In between)
453.4302466727019,845.2949894340243,489.1590890752542,Interpolation (In between)
453.46198874755373,740.7002182297776,597.7942480055422,Interpolation (In between)
453.65341007047357,463.15147700620213,428.95323263447887,Synergy (Better than both)
453.74207024059723,1804.0670833908637,969.6848987014143,Interpolation (In between)
455.51650162167573,1804.0670833908637,814.9091422951944,Interpolation (In between)
455.61630367424146,1804.0670833908637,926.4892715045336,Interpolation (In between)
455.699618717735,655.8086478023041,625.5808112277571,Interpolation (In between)
455.8217380515234,486.7669113924015,570.1343794771367,Destructive (Worse than both)
456.190052722245,1804.0670833908637,894.8005243405212,Interpolation (In between)
456.62097196569107,486.59399541556246,456.24589561302116,Synergy (Better than both)
456.84756959506467,1804.0670833908637,929.1268894239004,Interpolation (In between)
457.08192472490157,1804.0670833908637,948.0540904974197,Interpolation (In between)
458.4889660712071,464.38852188387466,503.4530871914936,Destructive (Worse than both)
458.5268480042108,1804.0670833908637,976.7077668393121,Interpolation (In between)
458.8703544299567,1804.0670833908637,899.1801206507357,Interpolation (In between)
459.0045571538069,1019.2235988160751,766.8532927572652,Interpolation (In between)
459.0161902724866,1804.0670833908637,937.2595341016056,Interpolation (In between)
459.09180400244315,750.5538385449447,891.3769923362197,Destructive (Worse than both)
459.52419343010956,1804.0670833908637,947.5700122641235,Interpolation (In between)
459.7652135731473,467.6610761151532,289.81847609904327,Synergy (Better than both)
460.0768820244556,1804.0670833908637,895.9716609482032,Interpolation (In between)
460.84013324712595,1804.0670833908637,911.6992669383791,Interpolation (In between)
460.84198255621715,474.89365927300616,452.08221797053125,Synergy (Better than both)
461.7709399213095,1804.0670833908637,865.1775596198348,Interpolation (In between)
461.81091095915383,1804.0670833908637,886.9923570603264,Interpolation (In between)
462.4010114595617,1804.0670833908637,982.585797237611,Interpolation (In between)
462.5147669661495,484.5675310611483,403.1828101156576,Synergy (Better than both)
462.6432571203869,623.3242979702061,638.5733437846777,Destructive (Worse than both)
462.7507594714442,713.186780714248,647.1076046676628,Interpolation (In between)
463.09677683504435,1804.0670833908637,925.1270865273052,Interpolation (In between)
463.5968443281415,519.4926888959859,574.3685783176932,Destructive (Worse than both)
464.3221503262675,1804.0670833908637,1020.4562346913617,Interpolation (In between)
464.55204398859377,1804.0670833908637,932.3428989533445,Interpolation (In between)
464.85931270892786,682.4599679254926,446.49427459074894,Synergy (Better than both)
465.19280426128546,702.8404725274715,654.9550837738416,Interpolation (In between)
465.4580860343093,1804.0670833908637,958.0540926972471,Interpolation (In between)
465.7198311288291,1804.0670833908637,877.5538394096367,Interpolation (In between)
466.25382102747744,591.349028207442,510.0981483111877,Interpolation (In between)
466.3863209212371,544.9106582844065,498.6520543316786,Interpolation (In between)
466.449948355369,487.57503754604716,463.71651115145886,Synergy (Better than both)
466.45495724006776,1804.0670833908637,974.3563146251372,Interpolation (In between)
467.0850504632482,1804.0670833908637,961.072430124941,Interpolation (In between)
467.38214804924564,1804.0670833908637,1008.81428970803,Interpolation (In between)
467.94466403806905,498.62099721383174,593.4412175483152,Destructive (Worse than both)
468.1348829337571,1804.0670833908637,1032.657859198869,Interpolation (In between)
468.33434909650333,582.4599880252067,519.2572951742357,Interpolation (In between)
468.56293527466016,573.0375894398551,479.6980611261339,Interpolation (In between)
468.9744136605369,541.00789021486,384.4396056837785,Synergy (Better than both)
469.88841918315063,1804.0670833908637,1099.42489120471,Interpolation (In between)
470.3779682494686,540.7271845346577,461.6044392645899,Synergy (Better than both)
470.4959722619245,1804.0670833908637,995.5325260191247,Interpolation (In between)
470.5514321937089,475.40340402710126,408.9262802599042,Synergy (Better than both)
470.66038296864815,1804.0670833908637,980.5318817842428,Interpolation (In between)
470.7062344330269,1804.0670833908637,961.8504272926183,Interpolation (In between)
470.86844166334174,1804.0670833908637,1067.613790402329,Interpolation (In between)
470.98216080469206,1804.0670833908637,1117.1997199464463,Interpolation (In between)
471.81468369448555,1804.0670833908637,1203.2445141976411,Interpolation (In between)
472.3226970188453,523.3063456826795,592.2622094964615,Destructive (Worse than both)
472.3310992929877,1804.0670833908637,904.2569477205861,Interpolation (In between)
472.5115752152295,703.9005221276009,542.0011890049498,Interpolation (In between)
472.65145932909377,486.0885800972593,586.7807618356976,Destructive (Worse than both)
472.662254957113,695.6384355609232,724.8747181061965,Destructive (Worse than both)
473.55988909496796,1804.0670833908637,919.2904567443413,Interpolation (In between)
473.66386542408924,757.5068396889153,553.6344491716444,Interpolation (In between)
473.66689437226836,839.1813015337817,798.9284470143161,Interpolation (In between)
473.9664825517699,659.840085821721,550.9438732436336,Interpolation (In between)
474.00140930084706,700.9433353889522,575.4998386374756,Interpolation (In between)
474.0429242736618,1804.0670833908637,1115.1131452685156,Interpolation (In between)
474.15940959127596,478.23734479560017,518.6484172873846,Destructive (Worse than both)
474.2529036419037,1804.0670833908637,919.7498923027698,Interpolation (In between)
474.42952450816085,1804.0670833908637,923.5243727593968,Interpolation (In between)
474.5382358285182,529.5220343368562,531.6654751994371,Destructive (Worse than both)
474.74448089902194,486.8529645111802,670.3596935160235,Destructive (Worse than both)
474.92678338870655,495.87226067667507,732.9387977514369,Destructive (Worse than both)
475.0454273420421,1804.0670833908637,978.2332835182724,Interpolation (In between)
475.1920218170502,637.279173406539,568.6806874663481,Interpolation (In between)
475.2403106127306,1804.0670833908637,1135.867545995388,Interpolation (In between)
475.262849815399,722.987491408036,643.1052693606322,Interpolation (In between)
475.801514259601,565.1559879723388,461.226809662513,Synergy (Better than both)
476.1388488590518,726.4982162314699,740.9604838271138,Destructive (Worse than both)
476.3895504106745,713.5465218292084,538.4014654248151,Interpolation (In between)
476.7388625646532,703.3345655395656,751.9023487133909,Destructive (Worse than both)
476.8338660610546,1804.0670833908637,932.2767034553935,Interpolation (In between)
476.9789602110324,867.8062506834219,559.0911034842654,Interpolation (In between)
477.61234009467523,1804.0670833908637,996.9217950988333,Interpolation (In between)
478.286029730711,1804.0670833908637,899.5791726282727,Interpolation (In between)
479.0749912165087,1804.0670833908637,1129.2111947083072,Interpolation (In between)
479.62103430605356,686.2766498936592,586.8006847387362,Interpolation (In between)
480.31464273756114,827.6996993252294,806.6592958953574,Interpolation (In between)
480.64762300479384,673.887350735449,435.1643444421216,Synergy (Better than both)
481.3797348505139,649.696950292511,593.2499727320746,Interpolation (In between)
481.7745800040101,598.5185884836618,775.0469150839061,Destructive (Worse than both)
482.0785492036514,528.4896757917477,488.6507003570654,Interpolation (In between)
482.28875775521135,1804.0670833908637,1005.9537789158794,Interpolation (In between)
482.5204652031057,556.4610950395988,506.1952062147876,Interpolation (In between)
482.827889402236,517.723090854845,330.70285715544924,Synergy (Better than both)
482.9279200339945,1804.0670833908637,934.6138386941199,Interpolation (In between)
483.09095745737557,1804.0670833908637,932.1333021887006,Interpolation (In between)
483.23406566022464,518.308304174311,569.8702569180962,Destructive (Worse than both)
483.35731082062756,541.8876956469526,658.7326865134839,Destructive (Worse than both)
483.3902493674567,1804.0670833908637,921.1772320697967,Interpolation (In between)
484.82066782308993,1804.0670833908637,961.9729977376669,Interpolation (In between)
484.8405931727657,1804.0670833908637,902.7111019838469,Interpolation (In between)
485.1012664600756,1804.0670833908637,1126.1100520771724,Interpolation (In between)
485.2275475435209,832.3484792217255,567.8815180088168,Interpolation (In between)
485.80642783996376,756.3044598463404,538.0444620611768,Interpolation (In between)
485.86559659634196,519.3075358857532,526.9542477278612,Destructive (Worse than both)
486.1186360339573,1804.0670833908637,977.6603647698226,Interpolation (In between)
486.692575231702,893.5059673713212,897.3452455704366,Destructive (Worse than both)
486.91385901537035,645.4687901322549,848.7205670892879,Destructive (Worse than both)
487.1193099418293,605.9211554500029,600.0300120376368,Interpolation (In between)
487.68812039561044,613.1585915057268,464.4599380848639,Synergy (Better than both)
487.994021308819,1804.0670833908637,882.6447399037995,Interpolation (In between)
488.0819017386965,501.1188151941055,453.43087557574063,Synergy (Better than both)
488.09340844989947,1804.0670833908637,977.7477173905572,Interpolation (In between)
488.1959819585909,1804.0670833908637,966.1805388582188,Interpolation (In between)
488.38274966816243,1804.0670833908637,1176.474120914454,Interpolation (In between)
488.7986446344539,1804.0670833908637,1061.1694184751157,Interpolation (In between)
489.02213691858867,538.1684571232554,552.0262806602403,Destructive (Worse than both)
489.22551138910035,540.2252883015922,504.512323245851,Interpolation (In between)
490.1637775588216,879.5578501542237,707.3695980357329,Interpolation (In between)
491.10431899490084,1804.0670833908637,1189.6016377671128,Interpolation (In between)
491.27346684124257,894.3325483523777,608.5748169342428,Interpolation (In between)
491.54370223096964,709.8187646183094,464.3790941845412,Synergy (Better than both)
491.8408863080926,1804.0670833908637,1094.5997075582475,Interpolation (In between)
492.79306162012665,602.1558867439018,699.0863970019338,Destructive (Worse than both)
493.03964495675524,574.1833566720954,577.6769871458237,Destructive (Worse than both)
493.4622387656966,1804.0670833908637,965.2543827118179,Interpolation (In between)
493.5576080113199,1804.0670833908637,912.721999854962,Interpolation (In between)
493.6781501274486,1804.0670833908637,1136.7653867030763,Interpolation (In between)
493.6828137022292,1804.0670833908637,894.2024704844828,Interpolation (In between)
495.08753637836094,525.7527767357055,480.74523998617315,Synergy (Better than both)
495.584571709419,616.5510498360118,400.1354632866728,Synergy (Better than both)
496.8875910116635,1804.0670833908637,1275.657679041541,Interpolation (In between)
497.53366029999086,1804.0670833908637,917.3094746252661,Interpolation (In between)
497.90157859226144,1804.0670833908637,837.0842290951987,Interpolation (In between)
498.00493170724695,1804.0670833908637,961.923676536877,Interpolation (In between)
498.1945627719567,1804.0670833908637,980.7914497992831,Interpolation (In between)
499.9810520028917,639.7383554430082,369.9229114255253,Synergy (Better than both)
500.5985981821324,677.2209331530393,532.9400709913282,Interpolation (In between)
500.84562860789976,1804.0670833908637,877.2461781849336,Interpolation (In between)
500.8678705510807,650.1150633812283,575.4799226233484,Interpolation (In between)
501.072175633269,530.3940424390481,561.9491309272462,Destructive (Worse than both)
501.2644088070019,1804.0670833908637,979.6729070983313,Interpolation (In between)
501.4853108004184,525.8185010852005,605.1911345170072,Destructive (Worse than both)
502.02654783883605,539.05311465099,516.5965561448849,Interpolation (In between)
502.3922882668762,1804.0670833908637,919.3742049564091,Interpolation (In between)
502.61408172200464,508.9176116021506,458.89574030208445,Synergy (Better than both)
503.6213869089639,1804.0670833908637,1068.1085490865412,Interpolation (In between)
504.251734296229,744.5689989554721,512.2851161910273,Interpolation (In between)
505.2839057548383,1804.0670833908637,985.9537154186812,Interpolation (In between)
505.54310062544323,1804.0670833908637,1000.744749903546,Interpolation (In between)
505.88186990386976,701.0776906437032,691.2941639821568,Interpolation (In between)
505.89368767805075,1804.0670833908637,915.1641767873641,Interpolation (In between)
506.34433784143556,511.957400262506,457.8263105371871,Synergy (Better than both)
506.4003654196798,1804.0670833908637,1007.1658915166959,Interpolation (In between)
506.6002819591821,1804.0670833908637,1106.8716897217482,Interpolation (In between)
506.64204309845024,1804.0670833908637,1018.6968211462331,Interpolation (In between)
506.86355542403277,648.4566396521902,594.286702316864,Interpolation (In between)
507.17316048540465,903.5599001870951,796.218593066295,Interpolation (In between)
507.3007826164681,1804.0670833908637,902.2311324992276,Interpolation (In between)
508.15578157857976,1804.0670833908637,1175.8084349241985,Interpolation (In between)
508.5180431548148,1804.0670833908637,985.7236038017911,Interpolation (In between)
508.83778946479123,1804.0670833908637,1006.9150120897449,Interpolation (In between)
509.97444657864173,522.9680397057407,412.53450762982607,Synergy (Better than both)
510.2441016868454,603.9095374297403,656.9848325444661,Destructive (Worse than both)
510.7344565171477,927.537161002967,381.6183317876139,Synergy (Better than both)
511.0008298541203,1804.0670833908637,1122.008525883983,Interpolation (In between)
511.1480311964956,1804.0670833908637,927.3519858765384,Interpolation (In between)
511.5152643613108,1804.0670833908637,1046.2024327012628,Interpolation (In between)
511.76121229783166,1804.0670833908637,1136.0971617946798,Interpolation (In between)
511.96627699960663,685.3610175126346,633.6999291969765,Interpolation (In between)
512.3410764179005,1804.0670833908637,949.1493532407001,Interpolation (In between)
512.6928838840995,1804.0670833908637,832.3649253350789,Interpolation (In between)
512.696452408106,1804.0670833908637,1009.5337450360096,Interpolation (In between)
513.4769324400156,1804.0670833908637,1148.4890632185293,Interpolation (In between)
513.5083966584912,585.8423622142002,485.6683414594893,Synergy (Better than both)
514.0926979862387,665.805694391626,521.3010861638523,Interpolation (In between)
514.8405462497947,1804.0670833908637,973.8809248835485,Interpolation (In between)
515.180203423725,684.8556328050121,679.279850536032,Interpolation (In between)
515.2292257606014,747.8001681194174,587.0800357250293,Interpolation (In between)
515.4391864789088,863.7771417712709,556.8393077374881,Interpolation (In between)
515.9525920648136,1804.0670833908637,959.723755948103,Interpolation (In between)
516.2861077851937,601.1725650385296,591.538955993313,Interpolation (In between)
517.1122231272719,1804.0670833908637,922.1914126010815,Interpolation (In between)
517.2407649712842,1804.0670833908637,1217.8832333402486,Interpolation (In between)
517.3769096821347,1804.0670833908637,1013.3301231059265,Interpolation (In between)
517.8023881805431,1804.0670833908637,1066.585966361993,Interpolation (In between)
518.1881509817915,1804.0670833908637,876.3245316661917,Interpolation (In between)
518.7442995923975,1804.0670833908637,953.6056819094804,Interpolation (In between)
519.1328192968448,1804.0670833908637,892.9635044716947,Interpolation (In between)
519.9065272920001,1804.0670833908637,1136.2713277814828,Interpolation (In between)
520.0778127637907,1804.0670833908637,1169.537794768852,Interpolation (In between)
520.5009502578803,1804.0670833908637,1165.2442644134396,Interpolation (In between)
520.6768069594691,1804.0670833908637,987.6800552637549,Interpolation (In between)
522.0017544206676,1804.0670833908637,795.1348294002445,Interpolation (In between)
522.6472435997521,884.9893614042919,879.8582715521172,Interpolation (In between)
522.8613670163685,804.4933752997306,691.7907309299596,Interpolation (In between)
523.5174099178296,706.1116048073688,598.9272737493945,Interpolation (In between)
524.2220683857738,1804.0670833908637,931.1775362800549,Interpolation (In between)
526.0956468391419,822.2985336974646,664.5747592052894,Interpolation (In between)
526.1769258350237,1804.0670833908637,838.9749695511475,Interpolation (In between)
527.0578833874613,557.193142201054,640.6517899472137,Destructive (Worse than both)
527.6969137614132,588.0926176580058,561.8878904063546,Interpolation (In between)
527.7456122984153,1804.0670833908637,1029.1831630645509,Interpolation (In between)
527.8685940867622,535.8685738248315,371.67181251666835,Synergy (Better than both)
528.4566043351565,1804.0670833908637,1059.5741453248638,Interpolation (In between)
529.3287248858583,742.4761372490717,580.811708956951,Interpolation (In between)
530.1299423219061,1804.0670833908637,1074.510725162245,Interpolation (In between)
530.8034434911813,1804.0670833908637,941.7159199026735,Interpolation (In between)
531.5517708499804,871.7428363460707,601.830650165874,Interpolation (In between)
531.8969267496802,1804.0670833908637,907.8532876857746,Interpolation (In between)
532.6122585936226,1804.0670833908637,1003.1164271684983,Interpolation (In between)
532.6192807902676,719.7736494823303,537.8368246575972,Interpolation (In between)
533.0467432155488,1804.0670833908637,1124.8835461424192,Interpolation (In between)
533.0731736839963,1804.0670833908637,993.7852463534294,Interpolation (In between)
533.8477687909249,1804.0670833908637,1054.6999803366302,Interpolation (In between)
534.5574272506913,1288.4012842139937,870.4915733676067,Interpolation (In between)
534.7120066669129,1804.0670833908637,1237.4724829874128,Interpolation (In between)
535.6691635860647,1804.0670833908637,1205.6248535052177,Interpolation (In between)
536.3600368259373,1804.0670833908637,994.9636308699387,Interpolation (In between)
536.5749542668718,646.6967948906872,490.09675531105927,Synergy (Better than both)
536.6946077081178,1804.0670833908637,1055.7349280606163,Interpolation (In between)
539.9907849158926,1804.0670833908637,1130.928294935513,Interpolation (In between)
540.9168576041725,1804.0670833908637,1003.3375968663354,Interpolation (In between)
542.1931626691382,1804.0670833908637,897.3058157759431,Interpolation (In between)
543.1437593863004,1804.0670833908637,982.6101517560277,Interpolation (In between)
543.4930337574374,587.6955491927822,473.3302215095413,Synergy (Better than both)
543.7433511648844,1804.0670833908637,1002.4627357426327,Interpolation (In between)
544.2225111362247,619.0792701574692,628.3450092874946,Destructive (Worse than both)
544.2731854229062,1804.0670833908637,960.5031229802537,Interpolation (In between)
544.4804732228025,626.0225698683353,596.687944604091,Interpolation (In between)
546.9473019751663,1804.0670833908637,1001.1320195158104,Interpolation (In between)
547.0164194978167,814.0084587337402,813.3542648052817,Interpolation (In between)
547.4371456841882,619.6525437448395,579.3740878932305,Interpolation (In between)
548.8059135957283,1804.0670833908637,901.4089717238851,Interpolation (In between)
548.8751375743678,1804.0670833908637,1089.6956432991524,Interpolation (In between)
549.0127833839447,1804.0670833908637,931.5388150154442,Interpolation (In between)
549.696269367914,1804.0670833908637,955.691688250621,Interpolation (In between)
550.0781681278116,689.0711751610597,547.4084780271512,Synergy (Better than both)
550.3981615190513,924.6341542542455,784.2561635045024,Interpolation (In between)
551.0888470791842,609.1626056019809,646.4528239421072,Destructive (Worse than both)
551.7961174869172,1804.0670833908637,1038.1291142225712,Interpolation (In between)
552.1149189802152,614.2474891254094,678.2359151668547,Destructive (Worse than both)
552.4494093697804,1804.0670833908637,877.8030361111528,Interpolation (In between)
554.3578023157927,645.5684238509546,733.9662656418473,Destructive (Worse than both)
555.1602295838825,559.5618369786873,498.3328538197771,Synergy (Better than both)
555.6072791093814,1804.0670833908637,1116.6920107432877,Interpolation (In between)
555.757350528514,1804.0670833908637,992.3242513903446,Interpolation (In between)
556.2021138286113,575.2193417818123,742.1615826143566,Destructive (Worse than both)
556.2249177971584,1804.0670833908637,1165.8885043391329,Interpolation (In between)
556.6633638786448,1804.0670833908637,1154.2059517136595,Interpolation (In between)
557.2064914355337,1804.0670833908637,1022.3912287452334,Interpolation (In between)
557.4408879422615,775.4985540216271,573.9171985817368,Interpolation (In between)
559.0427529204226,1139.639676332479,847.9045828361535,Interpolation (In between)
559.524667117879,1804.0670833908637,1271.1488718796013,Interpolation (In between)
560.0564363776526,564.20079776875,643.330290766713,Destructive (Worse than both)
561.5573634235425,645.034638241993,660.3244743166081,Destructive (Worse than both)
561.8415102649419,585.1073064704242,497.38540756424277,Synergy (Better than both)
562.1435249893292,1804.0670833908637,1155.8467778420822,Interpolation (In between)
562.4210589303074,1804.0670833908637,944.7210790329416,Interpolation (In between)
563.0146574867861,656.8605092584603,685.3172435320047,Destructive (Worse than both)
563.1334497640972,868.400971683589,702.4251249517163,Interpolation (In between)
563.8413048217949,661.0391232538773,529.2759136383247,Synergy (Better than both)
564.9172482464686,1804.0670833908637,1131.0436929821199,Interpolation (In between)
565.3604365460174,616.1983464390377,488.5469879423239,Synergy (Better than both)
565.3669066930056,1804.0670833908637,996.615641135789,Interpolation (In between)
565.8624891901138,1804.0670833908637,870.3902398598907,Interpolation (In between)
568.0954783267996,1804.0670833908637,1021.2824619177267,Interpolation (In between)
568.3228472300838,695.7514908091047,864.0338132878333,Destructive (Worse than both)
568.3945776140657,1804.0670833908637,940.6096265644555,Interpolation (In between)
568.932585360344,1804.0670833908637,1074.6645263696146,Interpolation (In between)
568.9575438535614,1804.0670833908637,1060.5848904493719,Interpolation (In between)
571.2133327703866,1804.0670833908637,1323.2315544322482,Interpolation (In between)
571.8006034549246,674.4007302316218,541.8895288215454,Synergy (Better than both)
573.6804546185087,1804.0670833908637,832.6602726872384,Interpolation (In between)
575.7827421737497,654.1428890043699,605.439477818051,Interpolation (In between)
575.923285168072,1804.0670833908637,1186.4523949553386,Interpolation (In between)
576.172243030423,1804.0670833908637,984.0177052016927,Interpolation (In between)
577.5460872997864,1804.0670833908637,1020.1207727028118,Interpolation (In between)
578.0483223636616,579.2087130165924,634.3918210163454,Destructive (Worse than both)
578.0831614656292,1804.0670833908637,993.7253951392588,Interpolation (In between)
581.7683399628797,1804.0670833908637,1172.5564362427558,Interpolation (In between)
581.865369055396,1804.0670833908637,949.7384031824046,Interpolation (In between)
582.8596009030185,723.9645506670181,459.03972204192723,Synergy (Better than both)
583.5616822697957,626.5329029661489,512.94508412675,Synergy (Better than both)
583.6243106277832,1804.0670833908637,1106.7170857103124,Interpolation (In between)
583.7484131097174,820.5414112176304,623.1909450350806,Interpolation (In between)
584.1248589634176,1804.0670833908637,1253.9114460439991,Interpolation (In between)
584.6111699170933,658.6269502035796,526.9502480186277,Synergy (Better than both)
584.8915398086705,1804.0670833908637,1289.5155414371593,Interpolation (In between)
585.2123139439659,629.2876694716371,405.9420722914857,Synergy (Better than both)
587.683533217554,1804.0670833908637,1204.8242592742545,Interpolation (In between)
588.6331137938059,1804.0670833908637,1182.5094322537016,Interpolation (In between)
589.4591042540771,672.386548359385,861.6331230342017,Destructive (Worse than both)
590.3348326543726,1804.0670833908637,1236.0605875167848,Interpolation (In between)
591.0329875883358,1804.0670833908637,1252.3291098051618,Interpolation (In between)
593.7648394610535,1804.0670833908637,1201.0566935001843,Interpolation (In between)
594.0732760111061,628.5908300428323,473.3606461776169,Synergy (Better than both)
594.761653251904,1804.0670833908637,1219.9429297866777,Interpolation (In between)
596.075467847767,744.9014956306735,699.0220867665346,Interpolation (In between)
596.7092602106579,1804.0670833908637,1195.8554391102084,Interpolation (In between)
597.3174240825782,1804.0670833908637,1140.1354350181798,Interpolation (In between)
597.3907843414449,1804.0670833908637,1006.4178056308457,Interpolation (In between)
597.5281936057476,1804.0670833908637,1107.6453083999857,Interpolation (In between)
598.4285968234512,602.4991575269169,623.460116986518,Destructive (Worse than both)
598.7319884886844,957.9726014806649,617.5529159242997,Interpolation (In between)
600.0368511674611,1804.0670833908637,938.1132226403806,Interpolation (In between)
600.0811117850448,767.0419057140874,527.8368856291507,Synergy (Better than both)
600.397881611145,1804.0670833908637,1006.1726421400966,Interpolation (In between)
602.7212347037869,1804.0670833908637,1026.6046920254862,Interpolation (In between)
602.9816032688169,1804.0670833908637,1109.8891514958539,Interpolation (In between)
603.1219831253287,1804.0670833908637,1438.078516820145,Interpolation (In between)
603.883922498422,783.339346349745,674.5130463647881,Interpolation (In between)
604.3807906061729,1804.0670833908637,883.5510807575372,Interpolation (In between)
605.3950835279579,1804.0670833908637,968.7332301290825,Interpolation (In between)
605.8960386282047,741.7865963504869,811.7449340616951,Destructive (Worse than both)
606.9328736463648,1804.0670833908637,1094.1717364376104,Interpolation (In between)
608.2252677854551,1804.0670833908637,938.1895423266931,Interpolation (In between)
608.3831687861305,1804.0670833908637,1073.0256937729525,Interpolation (In between)
609.3874640970674,1804.0670833908637,961.7348863946438,Interpolation (In between)
609.9030033013023,1804.0670833908637,1175.6659077548425,Interpolation (In between)
610.9417147675632,1804.0670833908637,962.8489647910046,Interpolation (In between)
611.2830589146095,1804.0670833908637,1090.3695864424071,Interpolation (In between)
611.8858542560431,1804.0670833908637,1015.8859339451535,Interpolation (In between)
613.902356324508,1804.0670833908637,987.389954086426,Interpolation (In between)
614.9957845325471,685.4451414471121,814.9629552712623,Destructive (Worse than both)
615.2785199978168,697.2966657797581,864.2737509939033,Destructive (Worse than both)
616.0191581094759,1804.0670833908637,979.9407945587536,Interpolation (In between)
616.2748007439616,1804.0670833908637,1050.2240489478208,Interpolation (In between)
618.677697592969,1804.0670833908637,1320.107249789272,Interpolation (In between)
619.5906424030036,1804.0670833908637,1131.0313820790523,Interpolation (In between)
619.8146472838537,1804.0670833908637,926.4979265219572,Interpolation (In between)
620.1633014734521,813.3090397980533,786.4114343501653,Interpolation (In between)
621.2075566724516,1804.0670833908637,820.4005726817394,Interpolation (In between)
621.9413976550142,1804.0670833908637,1211.7738778663443,Interpolation (In between)
622.502452157458,1804.0670833908637,975.4870327065369,Interpolation (In between)
623.1058518577706,1804.0670833908637,906.4456714486194,Interpolation (In between)
624.8004217540257,695.10153048846,879.8571811292419,Destructive (Worse than both)
625.7275568954074,1804.0670833908637,1060.323852051721,Interpolation (In between)
625.7299149424485,1804.0670833908637,938.4274901196658,Interpolation (In between)
627.4796338243716,1804.0670833908637,1076.950971031889,Interpolation (In between)
627.6994945765814,634.7439875625038,882.3647604268922,Destructive (Worse than both)
629.5233312874702,1804.0670833908637,1229.5570828731634,Interpolation (In between)
631.0528160495157,1804.0670833908637,1226.336218713808,Interpolation (In between)
632.2928400359513,1804.0670833908637,1013.7074914553154,Interpolation (In between)
632.8174437404429,680.9383906410179,737.2200010764452,Destructive (Worse than both)
632.9230581976198,1804.0670833908637,1221.0038189780453,Interpolation (In between)
633.8211218246933,1804.0670833908637,1274.29777283886,Interpolation (In between)
637.402457730048,1804.0670833908637,1144.0725987733201,Interpolation (In between)
637.413042950363,1804.0670833908637,915.8147432080038,Interpolation (In between)
639.7414249544003,1804.0670833908637,1076.6050890727201,Interpolation (In between)
640.1184094176797,1804.0670833908637,1233.9954183930472,Interpolation (In between)
642.6554497356144,686.3656717897187,627.7482252657331,Synergy (Better than both)
642.7892838345865,1804.0670833908637,1257.1672713250991,Interpolation (In between)
643.1362206438885,1804.0670833908637,1210.8733541945408,Interpolation (In between)
644.7844519479609,1804.0670833908637,1015.7890899554397,Interpolation (In between)
646.3149934123976,1804.0670833908637,969.5761358189684,Interpolation (In between)
647.243905716108,805.2172744898019,521.580585855515,Synergy (Better than both)
648.9885847218338,669.4711273232813,713.9903106101283,Destructive (Worse than both)
649.500339434764,1804.0670833908637,870.2030531851126,Interpolation (In between)
651.167509698106,1804.0670833908637,1297.1572180386452,Interpolation (In between)
651.8870360071764,1804.0670833908637,1214.1633374229225,Interpolation (In between)
652.1236971210927,673.9237230116717,500.86402975090107,Synergy (Better than both)
653.1983856788522,1804.0670833908637,951.2360238061697,Interpolation (In between)
653.3364714831849,1804.0670833908637,1033.315651643537,Interpolation (In between)
656.1686915355297,674.1998218774115,841.0029281783318,Destructive (Worse than both)
658.7473666197482,871.627783064114,774.4716430904153,Interpolation (In between)
658.9952777677763,718.265151308749,624.1449319918977,Synergy (Better than both)
659.0054409696197,1804.0670833908637,903.0660425888209,Interpolation (In between)
660.0529878197316,1804.0670833908637,1273.5298560081246,Interpolation (In between)
660.1356567355799,685.9051576081011,755.6242648154093,Destructive (Worse than both)
661.1969922272231,1804.0670833908637,1108.801870912528,Interpolation (In between)
662.8840613201787,1229.9746799945278,885.9841193421215,Interpolation (In between)
662.9177132489797,1804.0670833908637,1126.2114539708796,Interpolation (In between)
663.4776054571461,1804.0670833908637,1142.882146813808,Interpolation (In between)
665.5514552964453,1804.0670833908637,1332.0075825554181,Interpolation (In between)
666.0117768653752,1804.0670833908637,1093.3654062504636,Interpolation (In between)
667.369700235207,671.1989095804724,519.953397443121,Synergy (Better than both)
667.49752059659,1804.0670833908637,1023.6834058608794,Interpolation (In between)
668.2154080024654,1804.0670833908637,1196.99044667029,Interpolation (In between)
668.4584604042252,1804.0670833908637,1086.7200718176312,Interpolation (In between)
668.9433894857207,1804.0670833908637,1268.7672712292083,Interpolation (In between)
669.3905605064482,1804.0670833908637,1320.6075259860227,Interpolation (In between)
671.2269322324519,1804.0670833908637,1194.9466028148706,Interpolation (In between)
671.732643073588,1804.0670833908637,1142.9535885900386,Interpolation (In between)
675.2017732655543,1804.0670833908637,1183.5123536872782,Interpolation (In between)
676.4219390315077,685.2401482725049,661.7567012681754,Synergy (Better than both)
676.7195724451902,1804.0670833908637,1056.782130524237,Interpolation (In between)
677.9757990133437,1804.0670833908637,1094.9003758860404,Interpolation (In between)
678.959281418719,1804.0670833908637,862.6229807603654,Interpolation (In between)
680.1557789569908,1804.0670833908637,1302.8451234884842,Interpolation (In between)
680.6592207150749,1804.0670833908637,1219.489548532556,Interpolation (In between)
681.3831949921828,1804.0670833908637,1181.1421626955412,Interpolation (In between)
681.6599023088856,1804.0670833908637,1224.2028509749923,Interpolation (In between)
684.1064871677756,1804.0670833908637,1150.3339753505816,Interpolation (In between)
684.8851820681331,1804.0670833908637,1186.7565653836386,Interpolation (In between)
687.7259126133386,1804.0670833908637,1190.6664341638375,Interpolation (In between)
687.8570180314307,1804.0670833908637,1302.8844666149216,Interpolation (In between)
689.4249443297838,1804.0670833908637,1124.5808366627366,Interpolation (In between)
702.465544252165,724.587611701011,555.0350874333001,Synergy (Better than both)
705.0438564372948,1804.0670833908637,1260.9150190263726,Interpolation (In between)
705.0559242503186,1804.0670833908637,1103.2602123420604,Interpolation (In between)
706.0840000670926,1804.0670833908637,1388.5144242372462,Interpolation (In between)
706.4293550031459,1804.0670833908637,1179.9268732213097,Interpolation (In between)
712.1233369401623,1804.0670833908637,1334.8136523311287,Interpolation (In between)
716.4340826678596,799.3199239406038,639.976693281628,Synergy (Better than both)
716.7079224845362,811.7693987688233,669.4658536041328,Synergy (Better than both)
718.0519439568326,1804.0670833908637,985.3315403853353,Interpolation (In between)
719.2148753181112,1804.0670833908637,1031.7232585615075,Interpolation (In between)
720.6645922409516,1804.0670833908637,1463.805312362992,Interpolation (In between)
726.4954121700944,1804.0670833908637,1215.1034678246388,Interpolation (In between)
729.3218877596996,756.173914617556,1095.1385853361485,Destructive (Worse than both)
731.769338914195,1804.0670833908637,959.1785509713102,Interpolation (In between)
732.127827641639,1804.0670833908637,1136.5984383862817,Interpolation (In between)
732.9102855977324,1804.0670833908637,1296.3210660071486,Interpolation (In between)
734.4890829691744,1804.0670833908637,1116.0140943137087,Interpolation (In between)
735.5458434215514,1804.0670833908637,1063.1990723537779,Interpolation (In between)
739.5671858781454,1804.0670833908637,966.406365138492,Interpolation (In between)
746.1149040783044,1804.0670833908637,1303.742171351591,Interpolation (In between)
753.5400743348191,1804.0670833908637,1437.6787298905467,Interpolation (In between)
754.6803353313802,1804.0670833908637,1247.7144666207503,Interpolation (In between)
765.3278734856584,1804.0670833908637,1157.6072368518849,Interpolation (In between)
765.8241640276564,1804.0670833908637,1093.4465683302453,Interpolation (In between)
765.9421241605085,1804.0670833908637,1249.862035899539,Interpolation (In between)
766.7730449904948,1804.0670833908637,1358.792154716853,Interpolation (In between)
772.6057765161972,809.3919237263132,662.5960860367211,Synergy (Better than both)
775.6555845379578,1804.0670833908637,1269.4127743621343,Interpolation (In between)
792.3455496463938,1804.0670833908637,1387.2463344269363,Interpolation (In between)
797.6014415347413,1804.0670833908637,1315.9387626363427,Interpolation (In between)
799.2216332257649,1804.0670833908637,1207.778660854326,Interpolation (In between)
799.4987604783782,1804.0670833908637,1140.0575933930968,Interpolation (In between)
801.4370518090923,1804.0670833908637,1145.648599074911,Interpolation (In between)
802.9879960396099,841.8444581029584,833.8312449579578,Interpolation (In between)
812.6111839463558,1804.0670833908637,1309.6692833779011,Interpolation (In between)
814.3633228627789,1804.0670833908637,1247.5145689238025,Interpolation (In between)
819.3196592613176,1804.0670833908637,1059.9746268402387,Interpolation (In between)
820.1603027963434,1804.0670833908637,1018.4273698244448,Interpolation (In between)
828.281824542674,1804.0670833908637,994.6229631989193,Interpolation (In between)
828.934907291268,1804.0670833908637,1029.8066949188094,Interpolation (In between)
829.5834291571152,1804.0670833908637,1267.225084763406,Interpolation (In between)
835.1670428812768,1804.0670833908637,1333.7553917517262,Interpolation (In between)
840.0599487043366,1804.0670833908637,1360.318989881095,Interpolation (In between)
842.1403327597402,1804.0670833908637,1045.5843682502136,Interpolation (In between)
845.4663487261346,1804.0670833908637,1356.5422633791422,Interpolation (In between)
871.0873332502949,1804.0670833908637,1330.5716508895687,Interpolation (In between)
882.9515919827568,1804.0670833908637,1325.238329163913,Interpolation (In between)
900.153064075033,1804.0670833908637,1368.743446114085,Interpolation (In between)
920.7479571193722,1804.0670833908637,1254.2351285890463,Interpolation (In between)
935.2988143735379,1804.0670833908637,1238.7805354358825,Interpolation (In between)
1203.4877425678048,1804.0670833908637,1619.5239962941114,Interpolation (In between)
